date,comp,round,venue,result,gf,ga,opponent,xg,xga,poss,sh,sot,fk,pk,pkatt,team
2023-08-12,DFB-Pokal,Round of 64,Away,W,8.0,0.0,FC Teutonia Ottensen,,,66.0,22.0,11.0,,1,1,Bayer Leverkusen
2023-08-19,Bundesliga,Matchweek 1,Home,W,3.0,2.0,RB Leipzig,1.4,1.6,44.0,11.0,7.0,0.0,0,0,Bayer Leverkusen
2023-08-26,Bundesliga,Matchweek 2,Away,W,3.0,0.0,Gladbach,2.7,0.9,60.0,24.0,11.0,0.0,0,0,Bayer Leverkusen
2023-09-02,Bundesliga,Matchweek 3,Home,W,5.0,1.0,Darmstadt 98,2.8,0.4,72.0,25.0,13.0,1.0,0,0,Bayer Leverkusen
2023-09-15,Bundesliga,Matchweek 4,Away,D,2.0,2.0,Bayern Munich,2.1,2.1,49.0,12.0,4.0,1.0,1,1,Bayer Leverkusen
2023-09-21,Europa Lg,Group stage,Home,W,4.0,0.0,se Häcken,3.0,0.4,63.0,22.0,10.0,0.0,0,0,Bayer Leverkusen
2023-09-24,Bundesliga,Matchweek 5,Home,W,4.0,1.0,Heidenheim,3.4,0.5,71.0,20.0,9.0,0.0,1,1,Bayer Leverkusen
2023-09-30,Bundesliga,Matchweek 6,Away,W,3.0,0.0,Mainz 05,1.1,0.5,55.0,6.0,3.0,2.0,0,0,Bayer Leverkusen
2023-10-05,Europa Lg,Group stage,Away,W,2.0,1.0,no Molde,1.7,1.3,62.0,12.0,3.0,1.0,0,0,Bayer Leverkusen
2023-10-08,Bundesliga,Matchweek 7,Home,W,3.0,0.0,Köln,3.2,1.3,64.0,23.0,10.0,0.0,0,0,Bayer Leverkusen
2023-10-21,Bundesliga,Matchweek 8,Away,W,2.0,1.0,Wolfsburg,1.9,1.4,58.0,13.0,7.0,0.0,0,0,Bayer Leverkusen
2023-10-26,Europa Lg,Group stage,Home,W,5.0,1.0,az Qarabağ,2.5,0.9,61.0,21.0,10.0,2.0,0,0,Bayer Leverkusen
2023-10-29,Bundesliga,Matchweek 9,Home,W,2.0,1.0,Freiburg,1.4,0.9,70.0,18.0,4.0,1.0,0,0,Bayer Leverkusen
2023-11-01,DFB-Pokal,Round of 32,Away,W,5.0,2.0,Sandhausen,,,73.0,30.0,11.0,,1,1,Bayer Leverkusen
2023-11-04,Bundesliga,Matchweek 10,Away,W,3.0,2.0,Hoffenheim,1.0,1.7,53.0,9.0,5.0,0.0,0,0,Bayer Leverkusen
2023-11-09,Europa Lg,Group stage,Away,W,1.0,0.0,az Qarabağ,1.7,0.9,62.0,10.0,2.0,0.0,1,1,Bayer Leverkusen
2023-11-12,Bundesliga,Matchweek 11,Home,W,4.0,0.0,Union Berlin,2.4,0.0,69.0,18.0,10.0,1.0,0,0,Bayer Leverkusen
2023-11-25,Bundesliga,Matchweek 12,Away,W,3.0,0.0,Werder Bremen,1.0,0.2,59.0,14.0,4.0,0.0,0,0,Bayer Leverkusen
2023-11-30,Europa Lg,Group stage,Away,W,2.0,0.0,se Häcken,1.7,1.3,57.0,10.0,5.0,0.0,0,0,Bayer Leverkusen
2023-12-03,Bundesliga,Matchweek 13,Home,D,1.0,1.0,Dortmund,2.1,0.7,69.0,23.0,6.0,1.0,0,0,Bayer Leverkusen
2023-12-06,DFB-Pokal,Round of 16,Home,W,3.0,1.0,Paderborn 07,,,65.0,15.0,8.0,,0,0,Bayer Leverkusen
2023-12-10,Bundesliga,Matchweek 14,Away,D,1.0,1.0,Stuttgart,1.3,2.6,48.0,18.0,5.0,0.0,0,0,Bayer Leverkusen
2023-12-14,Europa Lg,Group stage,Home,W,5.0,1.0,no Molde,1.6,0.5,67.0,20.0,9.0,1.0,0,0,Bayer Leverkusen
2023-12-17,Bundesliga,Matchweek 15,Home,W,3.0,0.0,Eint Frankfurt,2.5,0.2,61.0,14.0,5.0,1.0,0,0,Bayer Leverkusen
2023-12-20,Bundesliga,Matchweek 16,Home,W,4.0,0.0,Bochum,3.3,0.4,69.0,15.0,7.0,0.0,1,1,Bayer Leverkusen
2024-01-13,Bundesliga,Matchweek 17,Away,W,1.0,0.0,Augsburg,2.0,0.4,76.0,24.0,6.0,0.0,0,0,Bayer Leverkusen
2024-01-20,Bundesliga,Matchweek 18,Away,W,3.0,2.0,RB Leipzig,2.0,1.6,60.0,18.0,5.0,0.0,0,0,Bayer Leverkusen
2024-01-27,Bundesliga,Matchweek 19,Home,D,0.0,0.0,Gladbach,2.9,0.3,75.0,28.0,9.0,0.0,0,0,Bayer Leverkusen
2024-02-03,Bundesliga,Matchweek 20,Away,W,2.0,0.0,Darmstadt 98,1.9,0.6,67.0,20.0,7.0,0.0,0,0,Bayer Leverkusen
2024-02-06,DFB-Pokal,Quarter-finals,Home,W,3.0,2.0,Stuttgart,,,56.0,16.0,6.0,,0,0,Bayer Leverkusen
2024-02-10,Bundesliga,Matchweek 21,Home,W,3.0,0.0,Bayern Munich,1.3,0.6,39.0,14.0,8.0,0.0,0,0,Bayer Leverkusen
2024-02-17,Bundesliga,Matchweek 22,Away,W,2.0,1.0,Heidenheim,1.9,0.4,61.0,18.0,3.0,0.0,0,0,Bayer Leverkusen
2024-02-23,Bundesliga,Matchweek 23,Home,W,2.0,1.0,Mainz 05,1.1,1.1,67.0,17.0,7.0,1.0,0,0,Bayer Leverkusen
2024-03-03,Bundesliga,Matchweek 24,Away,W,2.0,0.0,Köln,1.5,1.0,77.0,17.0,5.0,2.0,0,0,Bayer Leverkusen
2024-03-07,Europa Lg,Round of 16,Away,D,2.0,2.0,az Qarabağ,1.3,1.8,66.0,10.0,4.0,0.0,0,0,Bayer Leverkusen
2024-03-10,Bundesliga,Matchweek 25,Home,W,2.0,0.0,Wolfsburg,2.1,0.2,76.0,19.0,8.0,1.0,0,0,Bayer Leverkusen
2024-03-14,Europa Lg,Round of 16,Home,W,3.0,2.0,az Qarabağ,4.1,1.1,72.0,33.0,8.0,0.0,0,0,Bayer Leverkusen
2024-03-17,Bundesliga,Matchweek 26,Away,W,3.0,2.0,Freiburg,2.3,0.9,67.0,19.0,7.0,1.0,0,0,Bayer Leverkusen
2024-03-30,Bundesliga,Matchweek 27,Home,W,2.0,1.0,Hoffenheim,3.1,0.8,67.0,34.0,11.0,1.0,0,0,Bayer Leverkusen
2024-04-03,DFB-Pokal,Semi-finals,Home,W,4.0,0.0,Düsseldorf,,,72.0,22.0,8.0,,1,1,Bayer Leverkusen
2024-04-06,Bundesliga,Matchweek 28,Away,W,1.0,0.0,Union Berlin,2.8,0.3,65.0,19.0,7.0,1.0,1,1,Bayer Leverkusen
2024-04-11,Europa Lg,Quarter-finals,Home,W,2.0,0.0,eng West Ham,2.3,0.2,72.0,33.0,11.0,0.0,0,0,Bayer Leverkusen
2024-04-14,Bundesliga,Matchweek 29,Home,W,5.0,0.0,Werder Bremen,3.2,0.7,56.0,19.0,9.0,0.0,1,1,Bayer Leverkusen
2024-04-18,Europa Lg,Quarter-finals,Away,D,1.0,1.0,eng West Ham,1.1,1.5,57.0,9.0,2.0,0.0,0,0,Bayer Leverkusen
2024-04-21,Bundesliga,Matchweek 30,Away,D,1.0,1.0,Dortmund,1.1,0.5,52.0,13.0,3.0,3.0,0,0,Bayer Leverkusen
2024-04-27,Bundesliga,Matchweek 31,Home,D,2.0,2.0,Stuttgart,1.4,1.7,49.0,14.0,6.0,2.0,0,0,Bayer Leverkusen
2024-05-02,Europa Lg,Semi-finals,Away,W,2.0,0.0,it Roma,2.0,1.5,46.0,19.0,4.0,0.0,0,0,Bayer Leverkusen
2024-05-05,Bundesliga,Matchweek 32,Away,W,5.0,1.0,Eint Frankfurt,2.7,1.9,45.0,7.0,4.0,0.0,2,2,Bayer Leverkusen
2024-05-09,Europa Lg,Semi-finals,Home,D,2.0,2.0,it Roma,2.8,2.1,59.0,32.0,13.0,1.0,0,0,Bayer Leverkusen
2024-05-12,Bundesliga,Matchweek 33,Away,W,5.0,0.0,Bochum,4.2,0.3,67.0,28.0,9.0,1.0,1,1,Bayer Leverkusen
2024-05-18,Bundesliga,Matchweek 34,Home,W,2.0,1.0,Augsburg,2.4,1.2,65.0,20.0,8.0,0.0,0,0,Bayer Leverkusen
2023-08-12,DFB-Pokal,Round of 64,Away,W,4,0,TSG Balingen,,,69.0,24.0,10.0,,0,0,Stuttgart
2023-08-19,Bundesliga,Matchweek 1,Home,W,5,0,Bochum,3.0,0.8,60.0,21.0,9.0,0.0,0,0,Stuttgart
2023-08-25,Bundesliga,Matchweek 2,Away,L,1,5,RB Leipzig,1.1,1.8,46.0,9.0,3.0,0.0,0,0,Stuttgart
2023-09-02,Bundesliga,Matchweek 3,Home,W,5,0,Freiburg,1.7,1.0,48.0,13.0,6.0,0.0,0,0,Stuttgart
2023-09-16,Bundesliga,Matchweek 4,Away,W,3,1,Mainz 05,1.6,0.9,60.0,15.0,6.0,1.0,0,0,Stuttgart
2023-09-22,Bundesliga,Matchweek 5,Home,W,3,1,Darmstadt 98,2.3,0.2,58.0,18.0,11.0,0.0,0,0,Stuttgart
2023-09-30,Bundesliga,Matchweek 6,Away,W,2,0,Köln,2.5,0.7,60.0,18.0,4.0,0.0,0,0,Stuttgart
2023-10-07,Bundesliga,Matchweek 7,Home,W,3,1,Wolfsburg,2.7,1.2,59.0,13.0,7.0,0.0,1,1,Stuttgart
2023-10-21,Bundesliga,Matchweek 8,Away,W,3,0,Union Berlin,1.4,0.6,57.0,10.0,5.0,0.0,0,0,Stuttgart
2023-10-28,Bundesliga,Matchweek 9,Home,L,2,3,Hoffenheim,3.6,1.7,73.0,22.0,9.0,0.0,0,1,Stuttgart
2023-10-31,DFB-Pokal,Round of 32,Home,W,1,0,Union Berlin,,,62.0,16.0,3.0,,0,0,Stuttgart
2023-11-05,Bundesliga,Matchweek 10,Away,L,0,2,Heidenheim,2.6,1.2,68.0,16.0,1.0,2.0,0,1,Stuttgart
2023-11-11,Bundesliga,Matchweek 11,Home,W,2,1,Dortmund,4.2,1.0,59.0,20.0,8.0,0.0,1,2,Stuttgart
2023-11-25,Bundesliga,Matchweek 12,Away,W,2,1,Eint Frankfurt,2.3,0.9,43.0,11.0,4.0,0.0,0,0,Stuttgart
2023-12-02,Bundesliga,Matchweek 13,Home,W,2,0,Werder Bremen,3.5,0.8,58.0,18.0,5.0,0.0,1,1,Stuttgart
2023-12-06,DFB-Pokal,Round of 16,Home,W,2,0,Dortmund,,,54.0,17.0,7.0,,0,0,Stuttgart
2023-12-10,Bundesliga,Matchweek 14,Home,D,1,1,Leverkusen,2.6,1.3,52.0,22.0,10.0,1.0,0,0,Stuttgart
2023-12-17,Bundesliga,Matchweek 15,Away,L,0,3,Bayern Munich,0.4,2.8,62.0,6.0,2.0,0.0,0,0,Stuttgart
2023-12-20,Bundesliga,Matchweek 16,Home,W,3,0,Augsburg,2.6,0.2,66.0,17.0,8.0,0.0,0,0,Stuttgart
2024-01-14,Bundesliga,Matchweek 17,Away,L,1,3,Gladbach,0.9,1.9,71.0,15.0,2.0,2.0,0,0,Stuttgart
2024-01-20,Bundesliga,Matchweek 18,Away,L,0,1,Bochum,1.4,0.9,62.0,19.0,5.0,0.0,0,0,Stuttgart
2024-01-27,Bundesliga,Matchweek 19,Home,W,5,2,RB Leipzig,2.2,0.4,54.0,17.0,8.0,0.0,1,1,Stuttgart
2024-02-03,Bundesliga,Matchweek 20,Away,W,3,1,Freiburg,1.7,0.7,65.0,17.0,9.0,0.0,0,0,Stuttgart
2024-02-06,DFB-Pokal,Quarter-finals,Away,L,2,3,Leverkusen,,,44.0,11.0,5.0,,0,0,Stuttgart
2024-02-11,Bundesliga,Matchweek 21,Home,W,3,1,Mainz 05,1.9,1.4,61.0,11.0,7.0,0.0,0,0,Stuttgart
2024-02-17,Bundesliga,Matchweek 22,Away,W,2,1,Darmstadt 98,1.6,1.7,43.0,14.0,4.0,0.0,0,0,Stuttgart
2024-02-24,Bundesliga,Matchweek 23,Home,D,1,1,Köln,2.2,0.7,74.0,13.0,5.0,1.0,0,0,Stuttgart
2024-03-02,Bundesliga,Matchweek 24,Away,W,3,2,Wolfsburg,1.1,0.8,58.0,6.0,2.0,0.0,1,1,Stuttgart
2024-03-08,Bundesliga,Matchweek 25,Home,W,2,0,Union Berlin,1.0,0.9,70.0,14.0,5.0,0.0,0,0,Stuttgart
2024-03-16,Bundesliga,Matchweek 26,Away,W,3,0,Hoffenheim,3.7,0.5,57.0,25.0,11.0,0.0,0,0,Stuttgart
2024-03-31,Bundesliga,Matchweek 27,Home,D,3,3,Heidenheim,3.0,1.3,72.0,20.0,6.0,0.0,0,0,Stuttgart
2024-04-06,Bundesliga,Matchweek 28,Away,W,1,0,Dortmund,1.6,2.5,49.0,10.0,2.0,0.0,0,0,Stuttgart
2024-04-13,Bundesliga,Matchweek 29,Home,W,3,0,Eint Frankfurt,1.2,0.6,54.0,9.0,6.0,0.0,0,0,Stuttgart
2024-04-21,Bundesliga,Matchweek 30,Away,L,1,2,Werder Bremen,2.2,1.5,69.0,15.0,5.0,1.0,0,0,Stuttgart
2024-04-27,Bundesliga,Matchweek 31,Away,D,2,2,Leverkusen,1.7,1.4,51.0,11.0,4.0,0.0,0,0,Stuttgart
2024-05-04,Bundesliga,Matchweek 32,Home,W,3,1,Bayern Munich,1.8,1.7,61.0,24.0,9.0,0.0,0,0,Stuttgart
2024-05-10,Bundesliga,Matchweek 33,Away,W,1,0,Augsburg,1.9,0.6,76.0,19.0,7.0,0.0,0,0,Stuttgart
2024-05-18,Bundesliga,Matchweek 34,Home,W,4,0,Gladbach,1.6,1.3,60.0,21.0,11.0,0.0,0,0,Stuttgart
2023-08-12,DFL-Supercup,DFL-Supercup,Home,L,0,3,RB Leipzig,,,67.0,13.0,5.0,,0,0,Bayern Munich
2023-08-18,Bundesliga,Matchweek 1,Away,W,4,0,Werder Bremen,2.8,0.6,72.0,25.0,10.0,1.0,0,0,Bayern Munich
2023-08-27,Bundesliga,Matchweek 2,Home,W,3,1,Augsburg,2.8,0.7,61.0,18.0,4.0,0.0,1,1,Bayern Munich
2023-09-02,Bundesliga,Matchweek 3,Away,W,2,1,Gladbach,2.4,0.3,65.0,25.0,7.0,0.0,0,0,Bayern Munich
2023-09-15,Bundesliga,Matchweek 4,Home,D,2,2,Leverkusen,2.1,2.1,51.0,16.0,9.0,0.0,0,0,Bayern Munich
2023-09-20,Champions Lg,Group stage,Home,W,4,3,eng Manchester Utd,2.2,1.7,59.0,18.0,8.0,0.0,1,1,Bayern Munich
2023-09-23,Bundesliga,Matchweek 5,Home,W,7,0,Bochum,4.8,0.1,62.0,25.0,14.0,0.0,1,1,Bayern Munich
2023-09-26,DFB-Pokal,Round of 64,Away,W,4,0,Preußen Münster,,,72.0,26.0,9.0,,0,0,Bayern Munich
2023-09-30,Bundesliga,Matchweek 6,Away,D,2,2,RB Leipzig,2.3,0.7,65.0,10.0,4.0,1.0,1,1,Bayern Munich
2023-10-03,Champions Lg,Group stage,Away,W,2,1,dk FC Copenhagen,0.9,0.9,57.0,15.0,5.0,1.0,0,0,Bayern Munich
2023-10-08,Bundesliga,Matchweek 7,Home,W,3,0,Freiburg,2.4,0.1,69.0,21.0,6.0,0.0,0,0,Bayern Munich
2023-10-21,Bundesliga,Matchweek 8,Away,W,3,1,Mainz 05,1.8,1.1,62.0,13.0,5.0,0.0,0,0,Bayern Munich
2023-10-24,Champions Lg,Group stage,Away,W,3,1,tr Galatasaray,1.9,2.7,48.0,14.0,6.0,1.0,0,0,Bayern Munich
2023-10-28,Bundesliga,Matchweek 9,Home,W,8,0,Darmstadt 98,5.8,0.7,54.0,29.0,16.0,3.0,0,0,Bayern Munich
2023-11-01,DFB-Pokal,Round of 32,Away,L,1,2,Saarbrücken,,,75.0,18.0,7.0,,0,0,Bayern Munich
2023-11-04,Bundesliga,Matchweek 10,Away,W,4,0,Dortmund,3.2,1.0,51.0,14.0,8.0,0.0,0,0,Bayern Munich
2023-11-08,Champions Lg,Group stage,Home,W,2,1,tr Galatasaray,2.5,0.7,61.0,16.0,4.0,0.0,0,0,Bayern Munich
2023-11-11,Bundesliga,Matchweek 11,Home,W,4,2,Heidenheim,2.0,0.9,72.0,19.0,8.0,0.0,0,0,Bayern Munich
2023-11-24,Bundesliga,Matchweek 12,Away,W,1,0,Köln,3.5,0.2,68.0,21.0,4.0,0.0,0,0,Bayern Munich
2023-11-29,Champions Lg,Group stage,Home,D,0,0,dk FC Copenhagen,0.7,0.7,62.0,9.0,2.0,1.0,0,0,Bayern Munich
2023-12-09,Bundesliga,Matchweek 14,Away,L,1,5,Eint Frankfurt,2.1,1.3,64.0,20.0,4.0,0.0,0,0,Bayern Munich
2023-12-12,Champions Lg,Group stage,Away,W,1,0,eng Manchester Utd,1.2,0.3,59.0,10.0,3.0,0.0,0,0,Bayern Munich
2023-12-17,Bundesliga,Matchweek 15,Home,W,3,0,Stuttgart,2.8,0.4,38.0,17.0,8.0,1.0,0,0,Bayern Munich
2023-12-20,Bundesliga,Matchweek 16,Away,W,2,1,Wolfsburg,2.5,0.3,61.0,21.0,7.0,2.0,0,0,Bayern Munich
2024-01-12,Bundesliga,Matchweek 17,Home,W,3,0,Hoffenheim,2.8,1.2,61.0,27.0,11.0,0.0,0,0,Bayern Munich
2024-01-21,Bundesliga,Matchweek 18,Home,L,0,1,Werder Bremen,1.9,0.4,68.0,22.0,7.0,1.0,0,0,Bayern Munich
2024-01-24,Bundesliga,Matchweek 13,Home,W,1,0,Union Berlin,2.1,0.2,72.0,22.0,10.0,0.0,0,0,Bayern Munich
2024-01-27,Bundesliga,Matchweek 19,Away,W,3,2,Augsburg,2.3,2.6,58.0,13.0,4.0,0.0,0,0,Bayern Munich
2024-02-03,Bundesliga,Matchweek 20,Home,W,3,1,Gladbach,2.1,1.0,55.0,20.0,6.0,1.0,0,0,Bayern Munich
2024-02-10,Bundesliga,Matchweek 21,Away,L,0,3,Leverkusen,0.6,1.3,61.0,9.0,1.0,0.0,0,0,Bayern Munich
2024-02-14,Champions Lg,Round of 16,Away,L,0,1,it Lazio,1.1,1.6,61.0,17.0,0.0,1.0,0,0,Bayern Munich
2024-02-18,Bundesliga,Matchweek 22,Away,L,2,3,Bochum,3.3,1.7,68.0,27.0,9.0,0.0,0,0,Bayern Munich
2024-02-24,Bundesliga,Matchweek 23,Home,W,2,1,RB Leipzig,1.5,0.9,57.0,16.0,4.0,0.0,0,0,Bayern Munich
2024-03-01,Bundesliga,Matchweek 24,Away,D,2,2,Freiburg,1.8,1.5,62.0,20.0,7.0,0.0,0,0,Bayern Munich
2024-03-05,Champions Lg,Round of 16,Home,W,3,0,it Lazio,3.5,0.4,60.0,24.0,7.0,0.0,0,0,Bayern Munich
2024-03-09,Bundesliga,Matchweek 25,Home,W,8,1,Mainz 05,6.2,0.8,59.0,24.0,11.0,0.0,0,0,Bayern Munich
2024-03-16,Bundesliga,Matchweek 26,Away,W,5,2,Darmstadt 98,3.6,1.2,76.0,27.0,6.0,0.0,0,0,Bayern Munich
2024-03-30,Bundesliga,Matchweek 27,Home,L,0,2,Dortmund,1.5,0.9,61.0,17.0,1.0,0.0,0,0,Bayern Munich
2024-04-06,Bundesliga,Matchweek 28,Away,L,2,3,Heidenheim,1.9,1.4,67.0,15.0,7.0,0.0,0,0,Bayern Munich
2024-04-09,Champions Lg,Quarter-finals,Away,D,2,2,eng Arsenal,1.9,1.0,41.0,7.0,1.0,0.0,1,1,Bayern Munich
2024-04-13,Bundesliga,Matchweek 29,Home,W,2,0,Köln,2.2,0.9,69.0,16.0,6.0,0.0,0,0,Bayern Munich
2024-04-17,Champions Lg,Quarter-finals,Home,W,1,0,eng Arsenal,1.3,0.4,51.0,15.0,3.0,0.0,0,0,Bayern Munich
2024-04-20,Bundesliga,Matchweek 30,Away,W,5,1,Union Berlin,1.4,1.4,63.0,19.0,9.0,1.0,0,0,Bayern Munich
2024-04-27,Bundesliga,Matchweek 31,Home,W,2,1,Eint Frankfurt,3.3,0.5,62.0,19.0,7.0,0.0,1,1,Bayern Munich
2024-04-30,Champions Lg,Semi-finals,Home,D,2,2,es Real Madrid,1.6,1.9,51.0,13.0,4.0,1.0,1,1,Bayern Munich
2024-05-04,Bundesliga,Matchweek 32,Away,L,1,3,Stuttgart,1.7,1.8,39.0,9.0,2.0,0.0,1,1,Bayern Munich
2024-05-08,Champions Lg,Semi-finals,Away,L,1,2,es Real Madrid,0.4,2.8,43.0,8.0,5.0,0.0,0,0,Bayern Munich
2024-05-12,Bundesliga,Matchweek 33,Home,W,2,0,Wolfsburg,0.3,0.2,59.0,6.0,3.0,1.0,0,0,Bayern Munich
2024-05-18,Bundesliga,Matchweek 34,Away,L,2,4,Hoffenheim,1.5,1.8,52.0,11.0,4.0,1.0,0,0,Bayern Munich
2023-08-12,DFL-Supercup,DFL-Supercup,Away,W,3,0,Bayern Munich,,,33.0,10.0,5.0,,1,1,RB Leipzig
2023-08-19,Bundesliga,Matchweek 1,Away,L,2,3,Leverkusen,1.6,1.4,56.0,14.0,6.0,0.0,0,0,RB Leipzig
2023-08-25,Bundesliga,Matchweek 2,Home,W,5,1,Stuttgart,1.8,1.1,54.0,20.0,11.0,2.0,0,0,RB Leipzig
2023-09-03,Bundesliga,Matchweek 3,Away,W,3,0,Union Berlin,1.2,0.3,64.0,14.0,7.0,0.0,0,0,RB Leipzig
2023-09-16,Bundesliga,Matchweek 4,Home,W,3,0,Augsburg,1.1,1.7,54.0,9.0,6.0,0.0,0,0,RB Leipzig
2023-09-19,Champions Lg,Group stage,Away,W,3,1,ch Young Boys,2.6,0.5,45.0,21.0,8.0,0.0,0,0,RB Leipzig
2023-09-23,Bundesliga,Matchweek 5,Away,W,1,0,Gladbach,0.7,0.8,55.0,8.0,4.0,1.0,0,0,RB Leipzig
2023-09-27,DFB-Pokal,Round of 64,Away,W,3,2,Wehen,,,68.0,14.0,8.0,,0,0,RB Leipzig
2023-09-30,Bundesliga,Matchweek 6,Home,D,2,2,Bayern Munich,0.7,2.3,35.0,6.0,2.0,0.0,0,0,RB Leipzig
2023-10-04,Champions Lg,Group stage,Home,L,1,3,eng Manchester City,0.5,2.2,32.0,3.0,1.0,0.0,0,0,RB Leipzig
2023-10-07,Bundesliga,Matchweek 7,Home,D,0,0,Bochum,2.5,0.4,75.0,15.0,3.0,2.0,0,2,RB Leipzig
2023-10-21,Bundesliga,Matchweek 8,Away,W,3,1,Darmstadt 98,1.9,2.4,43.0,10.0,7.0,3.0,0,0,RB Leipzig
2023-10-25,Champions Lg,Group stage,Home,W,3,1,rs Red Star,3.1,1.0,65.0,27.0,10.0,2.0,0,0,RB Leipzig
2023-10-28,Bundesliga,Matchweek 9,Home,W,6,0,Köln,4.2,0.9,62.0,25.0,12.0,2.0,1,1,RB Leipzig
2023-10-31,DFB-Pokal,Round of 32,Away,L,0,1,Wolfsburg,,,66.0,11.0,1.0,,0,0,RB Leipzig
2023-11-04,Bundesliga,Matchweek 10,Away,L,0,2,Mainz 05,0.5,0.9,67.0,10.0,1.0,0.0,0,0,RB Leipzig
2023-11-07,Champions Lg,Group stage,Away,W,2,1,rs Red Star,2.3,1.5,50.0,24.0,4.0,0.0,0,0,RB Leipzig
2023-11-12,Bundesliga,Matchweek 11,Home,W,3,1,Freiburg,1.9,0.5,61.0,14.0,5.0,0.0,1,1,RB Leipzig
2023-11-25,Bundesliga,Matchweek 12,Away,L,1,2,Wolfsburg,2.7,0.9,64.0,25.0,9.0,0.0,0,0,RB Leipzig
2023-11-28,Champions Lg,Group stage,Away,L,2,3,eng Manchester City,0.5,1.8,30.0,5.0,3.0,0.0,0,0,RB Leipzig
2023-12-02,Bundesliga,Matchweek 13,Home,W,2,1,Heidenheim,4.0,1.0,70.0,22.0,7.0,0.0,1,1,RB Leipzig
2023-12-09,Bundesliga,Matchweek 14,Away,W,3,2,Dortmund,2.8,1.5,47.0,26.0,8.0,1.0,0,0,RB Leipzig
2023-12-13,Champions Lg,Group stage,Home,W,2,1,ch Young Boys,0.7,1.5,53.0,10.0,2.0,2.0,0,0,RB Leipzig
2023-12-16,Bundesliga,Matchweek 15,Home,W,3,1,Hoffenheim,2.8,0.8,57.0,22.0,10.0,1.0,0,0,RB Leipzig
2023-12-19,Bundesliga,Matchweek 16,Away,D,1,1,Werder Bremen,1.7,1.5,55.0,17.0,8.0,0.0,0,0,RB Leipzig
2024-01-13,Bundesliga,Matchweek 17,Home,L,0,1,Eint Frankfurt,3.5,1.1,62.0,31.0,8.0,0.0,0,0,RB Leipzig
2024-01-20,Bundesliga,Matchweek 18,Home,L,2,3,Leverkusen,1.6,2.0,40.0,10.0,6.0,0.0,0,0,RB Leipzig
2024-01-27,Bundesliga,Matchweek 19,Away,L,2,5,Stuttgart,0.4,2.2,46.0,4.0,2.0,0.0,0,0,RB Leipzig
2024-02-04,Bundesliga,Matchweek 20,Home,W,2,0,Union Berlin,1.1,0.5,66.0,16.0,6.0,1.0,0,0,RB Leipzig
2024-02-10,Bundesliga,Matchweek 21,Away,D,2,2,Augsburg,1.3,0.7,58.0,8.0,6.0,0.0,0,1,RB Leipzig
2024-02-13,Champions Lg,Round of 16,Home,L,0,1,es Real Madrid,1.4,1.4,50.0,14.0,9.0,0.0,0,0,RB Leipzig
2024-02-17,Bundesliga,Matchweek 22,Home,W,2,0,Gladbach,1.7,0.7,49.0,16.0,9.0,0.0,0,0,RB Leipzig
2024-02-24,Bundesliga,Matchweek 23,Away,L,1,2,Bayern Munich,0.9,1.5,43.0,11.0,6.0,0.0,0,0,RB Leipzig
2024-03-02,Bundesliga,Matchweek 24,Away,W,4,1,Bochum,2.1,0.8,56.0,12.0,4.0,0.0,0,0,RB Leipzig
2024-03-06,Champions Lg,Round of 16,Away,D,1,1,es Real Madrid,1.0,0.8,47.0,20.0,4.0,1.0,0,0,RB Leipzig
2024-03-09,Bundesliga,Matchweek 25,Home,W,2,0,Darmstadt 98,3.2,0.5,64.0,29.0,8.0,3.0,0,0,RB Leipzig
2024-03-15,Bundesliga,Matchweek 26,Away,W,5,1,Köln,3.3,1.2,66.0,22.0,8.0,1.0,0,0,RB Leipzig
2024-03-30,Bundesliga,Matchweek 27,Home,D,0,0,Mainz 05,2.5,0.9,66.0,20.0,9.0,0.0,0,0,RB Leipzig
2024-04-06,Bundesliga,Matchweek 28,Away,W,4,1,Freiburg,2.3,1.6,53.0,14.0,6.0,0.0,0,0,RB Leipzig
2024-04-13,Bundesliga,Matchweek 29,Home,W,3,0,Wolfsburg,1.3,0.4,50.0,16.0,6.0,0.0,0,0,RB Leipzig
2024-04-20,Bundesliga,Matchweek 30,Away,W,2,1,Heidenheim,1.8,1.0,61.0,12.0,4.0,0.0,0,0,RB Leipzig
2024-04-27,Bundesliga,Matchweek 31,Home,W,4,1,Dortmund,2.6,1.6,39.0,21.0,7.0,0.0,0,0,RB Leipzig
2024-05-03,Bundesliga,Matchweek 32,Away,D,1,1,Hoffenheim,0.8,1.6,45.0,8.0,4.0,0.0,0,0,RB Leipzig
2024-05-11,Bundesliga,Matchweek 33,Home,D,1,1,Werder Bremen,1.4,1.1,45.0,13.0,5.0,0.0,0,0,RB Leipzig
2024-05-18,Bundesliga,Matchweek 34,Away,D,2,2,Eint Frankfurt,1.6,2.1,53.0,8.0,4.0,0.0,1,1,RB Leipzig
2023-08-12,DFB-Pokal,Round of 64,Away,W,6.0,1.0,TSV Schott Mainz,,,73.0,24.0,10.0,,0,0,Dortmund
2023-08-19,Bundesliga,Matchweek 1,Home,W,1.0,0.0,Köln,1.8,1.2,66.0,13.0,2.0,0.0,0,0,Dortmund
2023-08-26,Bundesliga,Matchweek 2,Away,D,1.0,1.0,Bochum,1.3,1.0,64.0,14.0,3.0,0.0,0,0,Dortmund
2023-09-01,Bundesliga,Matchweek 3,Home,D,2.0,2.0,Heidenheim,3.4,2.1,62.0,18.0,7.0,2.0,1,1,Dortmund
2023-09-16,Bundesliga,Matchweek 4,Away,W,4.0,2.0,Freiburg,2.3,1.0,50.0,15.0,7.0,0.0,0,0,Dortmund
2023-09-19,Champions Lg,Group stage,Away,L,0.0,2.0,fr Paris S-G,0.7,2.4,33.0,14.0,1.0,0.0,0,0,Dortmund
2023-09-23,Bundesliga,Matchweek 5,Home,W,1.0,0.0,Wolfsburg,1.7,0.5,63.0,18.0,4.0,2.0,0,0,Dortmund
2023-09-29,Bundesliga,Matchweek 6,Away,W,3.0,1.0,Hoffenheim,1.6,1.9,47.0,6.0,5.0,0.0,0,0,Dortmund
2023-10-04,Champions Lg,Group stage,Home,D,0.0,0.0,it Milan,1.0,1.6,57.0,18.0,3.0,2.0,0,0,Dortmund
2023-10-07,Bundesliga,Matchweek 7,Home,W,4.0,2.0,Union Berlin,1.6,1.4,66.0,14.0,7.0,0.0,0,0,Dortmund
2023-10-20,Bundesliga,Matchweek 8,Home,W,1.0,0.0,Werder Bremen,2.6,0.4,57.0,23.0,5.0,0.0,0,0,Dortmund
2023-10-25,Champions Lg,Group stage,Away,W,1.0,0.0,eng Newcastle Utd,1.8,1.1,41.0,13.0,5.0,0.0,0,0,Dortmund
2023-10-29,Bundesliga,Matchweek 9,Away,D,3.0,3.0,Eint Frankfurt,2.2,2.2,59.0,14.0,4.0,0.0,0,0,Dortmund
2023-11-01,DFB-Pokal,Round of 32,Home,W,1.0,0.0,Hoffenheim,,,54.0,22.0,7.0,,0,0,Dortmund
2023-11-04,Bundesliga,Matchweek 10,Home,L,0.0,4.0,Bayern Munich,1.0,3.2,49.0,15.0,1.0,1.0,0,0,Dortmund
2023-11-07,Champions Lg,Group stage,Home,W,2.0,0.0,eng Newcastle Utd,1.4,0.6,46.0,17.0,8.0,0.0,0,0,Dortmund
2023-11-11,Bundesliga,Matchweek 11,Away,L,1.0,2.0,Stuttgart,1.0,4.2,41.0,5.0,1.0,0.0,0,0,Dortmund
2023-11-25,Bundesliga,Matchweek 12,Home,W,4.0,2.0,Gladbach,3.2,1.0,51.0,23.0,13.0,2.0,0,0,Dortmund
2023-11-28,Champions Lg,Group stage,Away,W,3.0,1.0,it Milan,1.8,2.1,46.0,11.0,3.0,0.0,1,1,Dortmund
2023-12-03,Bundesliga,Matchweek 13,Away,D,1.0,1.0,Leverkusen,0.7,2.1,31.0,6.0,2.0,0.0,0,0,Dortmund
2023-12-06,DFB-Pokal,Round of 16,Away,L,0.0,2.0,Stuttgart,,,46.0,11.0,4.0,,0,0,Dortmund
2023-12-09,Bundesliga,Matchweek 14,Home,L,2.0,3.0,RB Leipzig,1.5,2.8,53.0,18.0,6.0,0.0,0,0,Dortmund
2023-12-13,Champions Lg,Group stage,Home,D,1.0,1.0,fr Paris S-G,1.4,2.8,41.0,10.0,6.0,0.0,0,0,Dortmund
2023-12-16,Bundesliga,Matchweek 15,Away,D,1.0,1.0,Augsburg,2.6,1.8,63.0,24.0,7.0,0.0,0,0,Dortmund
2023-12-19,Bundesliga,Matchweek 16,Home,D,1.0,1.0,Mainz 05,1.2,0.9,65.0,22.0,7.0,1.0,0,0,Dortmund
2024-01-13,Bundesliga,Matchweek 17,Away,W,3.0,0.0,Darmstadt 98,3.1,1.0,52.0,17.0,8.0,0.0,0,0,Dortmund
2024-01-20,Bundesliga,Matchweek 18,Away,W,4.0,0.0,Köln,3.4,1.3,61.0,10.0,6.0,1.0,1,1,Dortmund
2024-01-28,Bundesliga,Matchweek 19,Home,W,3.0,1.0,Bochum,2.9,0.5,63.0,17.0,4.0,1.0,2,2,Dortmund
2024-02-02,Bundesliga,Matchweek 20,Away,D,0.0,0.0,Heidenheim,0.6,1.2,69.0,14.0,5.0,0.0,0,0,Dortmund
2024-02-09,Bundesliga,Matchweek 21,Home,W,3.0,0.0,Freiburg,1.9,0.3,66.0,17.0,8.0,0.0,0,0,Dortmund
2024-02-17,Bundesliga,Matchweek 22,Away,D,1.0,1.0,Wolfsburg,1.4,1.8,63.0,12.0,5.0,2.0,0,0,Dortmund
2024-02-20,Champions Lg,Round of 16,Away,D,1.0,1.0,nl PSV Eindhoven,0.9,1.6,45.0,8.0,5.0,0.0,0,0,Dortmund
2024-02-25,Bundesliga,Matchweek 23,Home,L,2.0,3.0,Hoffenheim,1.9,1.3,69.0,21.0,7.0,1.0,0,0,Dortmund
2024-03-02,Bundesliga,Matchweek 24,Away,W,2.0,0.0,Union Berlin,1.6,1.2,61.0,13.0,7.0,0.0,0,0,Dortmund
2024-03-09,Bundesliga,Matchweek 25,Away,W,2.0,1.0,Werder Bremen,1.2,1.8,54.0,13.0,6.0,0.0,0,0,Dortmund
2024-03-13,Champions Lg,Round of 16,Home,W,2.0,0.0,nl PSV Eindhoven,1.5,1.5,48.0,15.0,7.0,0.0,0,0,Dortmund
2024-03-17,Bundesliga,Matchweek 26,Home,W,3.0,1.0,Eint Frankfurt,2.3,0.9,66.0,15.0,4.0,1.0,1,1,Dortmund
2024-03-30,Bundesliga,Matchweek 27,Away,W,2.0,0.0,Bayern Munich,0.9,1.5,39.0,11.0,5.0,0.0,0,0,Dortmund
2024-04-06,Bundesliga,Matchweek 28,Home,L,0.0,1.0,Stuttgart,2.5,1.6,51.0,16.0,7.0,0.0,0,0,Dortmund
2024-04-10,Champions Lg,Quarter-finals,Away,L,1.0,2.0,es Atlético Madrid,0.9,2.2,66.0,12.0,4.0,1.0,0,0,Dortmund
2024-04-13,Bundesliga,Matchweek 29,Away,W,2.0,1.0,Gladbach,1.3,1.1,54.0,11.0,3.0,0.0,1,1,Dortmund
2024-04-16,Champions Lg,Quarter-finals,Home,W,4.0,2.0,es Atlético Madrid,1.5,1.9,52.0,19.0,9.0,0.0,0,0,Dortmund
2024-04-21,Bundesliga,Matchweek 30,Home,D,1.0,1.0,Leverkusen,0.5,1.1,48.0,8.0,2.0,0.0,0,0,Dortmund
2024-04-27,Bundesliga,Matchweek 31,Away,L,1.0,4.0,RB Leipzig,1.6,2.6,61.0,12.0,5.0,0.0,0,0,Dortmund
2024-05-01,Champions Lg,Semi-finals,Home,W,1.0,0.0,fr Paris S-G,1.7,1.7,43.0,13.0,4.0,0.0,0,0,Dortmund
2024-05-04,Bundesliga,Matchweek 32,Home,W,5.0,1.0,Augsburg,4.0,2.5,61.0,21.0,10.0,0.0,0,0,Dortmund
2024-05-07,Champions Lg,Semi-finals,Away,W,1.0,0.0,fr Paris S-G,0.7,3.0,31.0,7.0,3.0,0.0,0,0,Dortmund
2024-05-11,Bundesliga,Matchweek 33,Away,L,0.0,3.0,Mainz 05,0.4,2.1,68.0,9.0,2.0,0.0,0,0,Dortmund
2024-05-18,Bundesliga,Matchweek 34,Home,W,4.0,0.0,Darmstadt 98,2.6,0.3,72.0,21.0,9.0,3.0,0,0,Dortmund
2023-08-13,DFB-Pokal,Round of 64,Away,W,7,0,Loko Leipzig,,,67.0,16.0,11.0,,0,0,Eintracht Frankfurt
2023-08-20,Bundesliga,Matchweek 1,Home,W,1,0,Darmstadt 98,1.5,0.5,61.0,9.0,3.0,0.0,0,0,Eintracht Frankfurt
2023-08-24,Conf Lg,Play-off round,Away,D,1,1,bg Levski Sofia,,,,,,,0,0,Eintracht Frankfurt
2023-08-27,Bundesliga,Matchweek 2,Away,D,1,1,Mainz 05,1.1,1.2,60.0,7.0,1.0,1.0,0,0,Eintracht Frankfurt
2023-08-31,Conf Lg,Play-off round,Home,W,2,0,bg Levski Sofia,,,,,,,0,0,Eintracht Frankfurt
2023-09-03,Bundesliga,Matchweek 3,Home,D,1,1,Köln,1.1,0.9,65.0,13.0,2.0,0.0,0,0,Eintracht Frankfurt
2023-09-16,Bundesliga,Matchweek 4,Away,D,1,1,Bochum,0.6,2.0,51.0,8.0,6.0,0.0,0,0,Eintracht Frankfurt
2023-09-21,Conf Lg,Group stage,Home,W,2,1,sct Aberdeen,1.2,0.8,77.0,9.0,4.0,0.0,1,1,Eintracht Frankfurt
2023-09-24,Bundesliga,Matchweek 5,Home,D,0,0,Freiburg,0.6,0.5,57.0,12.0,4.0,0.0,0,0,Eintracht Frankfurt
2023-09-30,Bundesliga,Matchweek 6,Away,L,0,2,Wolfsburg,1.3,3.2,46.0,8.0,4.0,0.0,0,0,Eintracht Frankfurt
2023-10-05,Conf Lg,Group stage,Away,L,1,2,gr PAOK,1.5,0.5,56.0,18.0,7.0,1.0,0,0,Eintracht Frankfurt
2023-10-08,Bundesliga,Matchweek 7,Home,W,2,0,Heidenheim,1.9,1.2,49.0,12.0,6.0,1.0,0,1,Eintracht Frankfurt
2023-10-21,Bundesliga,Matchweek 8,Away,W,3,1,Hoffenheim,2.4,1.4,46.0,15.0,5.0,0.0,0,0,Eintracht Frankfurt
2023-10-26,Conf Lg,Group stage,Home,W,6,0,fi HJK,3.5,0.5,61.0,23.0,9.0,1.0,1,1,Eintracht Frankfurt
2023-10-29,Bundesliga,Matchweek 9,Home,D,3,3,Dortmund,2.2,2.2,41.0,11.0,6.0,0.0,1,1,Eintracht Frankfurt
2023-11-01,DFB-Pokal,Round of 32,Away,W,2,0,Viktoria Köln,,,56.0,12.0,7.0,,0,0,Eintracht Frankfurt
2023-11-04,Bundesliga,Matchweek 10,Away,W,3,0,Union Berlin,1.6,0.7,50.0,4.0,3.0,0.0,0,0,Eintracht Frankfurt
2023-11-09,Conf Lg,Group stage,Away,W,1,0,fi HJK,2.0,0.8,58.0,16.0,7.0,0.0,0,0,Eintracht Frankfurt
2023-11-12,Bundesliga,Matchweek 11,Away,D,2,2,Werder Bremen,2.0,1.5,51.0,14.0,3.0,0.0,0,0,Eintracht Frankfurt
2023-11-25,Bundesliga,Matchweek 12,Home,L,1,2,Stuttgart,0.9,2.3,57.0,14.0,1.0,0.0,0,0,Eintracht Frankfurt
2023-11-30,Conf Lg,Group stage,Home,L,1,2,gr PAOK,1.7,1.8,63.0,21.0,7.0,0.0,0,0,Eintracht Frankfurt
2023-12-03,Bundesliga,Matchweek 13,Away,L,1,2,Augsburg,1.0,1.4,64.0,14.0,6.0,1.0,0,0,Eintracht Frankfurt
2023-12-06,DFB-Pokal,Round of 16,Away,L,0,2,Saarbrücken,,,61.0,8.0,2.0,,0,0,Eintracht Frankfurt
2023-12-09,Bundesliga,Matchweek 14,Home,W,5,1,Bayern Munich,1.3,2.1,36.0,14.0,6.0,0.0,0,0,Eintracht Frankfurt
2023-12-14,Conf Lg,Group stage,Away,L,0,2,sct Aberdeen,0.9,1.2,77.0,16.0,5.0,0.0,0,0,Eintracht Frankfurt
2023-12-17,Bundesliga,Matchweek 15,Away,L,0,3,Leverkusen,0.2,2.5,39.0,4.0,2.0,0.0,0,0,Eintracht Frankfurt
2023-12-20,Bundesliga,Matchweek 16,Home,W,2,1,Gladbach,1.4,0.3,63.0,14.0,6.0,1.0,0,0,Eintracht Frankfurt
2024-01-13,Bundesliga,Matchweek 17,Away,W,1,0,RB Leipzig,1.1,3.5,38.0,5.0,1.0,0.0,0,0,Eintracht Frankfurt
2024-01-20,Bundesliga,Matchweek 18,Away,D,2,2,Darmstadt 98,1.2,1.1,50.0,8.0,4.0,0.0,0,0,Eintracht Frankfurt
2024-01-26,Bundesliga,Matchweek 19,Home,W,1,0,Mainz 05,1.3,0.8,55.0,11.0,3.0,0.0,0,0,Eintracht Frankfurt
2024-02-03,Bundesliga,Matchweek 20,Away,L,0,2,Köln,0.8,1.3,59.0,11.0,4.0,1.0,0,0,Eintracht Frankfurt
2024-02-10,Bundesliga,Matchweek 21,Home,D,1,1,Bochum,2.4,1.5,53.0,9.0,2.0,0.0,0,0,Eintracht Frankfurt
2024-02-15,Conf Lg,Knockout round play-offs,Away,D,2,2,be Union SG,1.6,1.6,50.0,12.0,6.0,0.0,0,0,Eintracht Frankfurt
2024-02-18,Bundesliga,Matchweek 22,Away,D,3,3,Freiburg,1.0,2.2,46.0,10.0,5.0,0.0,0,0,Eintracht Frankfurt
2024-02-22,Conf Lg,Knockout round play-offs,Home,L,1,2,be Union SG,1.2,0.8,53.0,10.0,3.0,1.0,0,0,Eintracht Frankfurt
2024-02-25,Bundesliga,Matchweek 23,Home,D,2,2,Wolfsburg,0.9,1.0,57.0,12.0,5.0,0.0,0,0,Eintracht Frankfurt
2024-03-02,Bundesliga,Matchweek 24,Away,W,2,1,Heidenheim,1.2,1.0,42.0,10.0,5.0,1.0,0,0,Eintracht Frankfurt
2024-03-10,Bundesliga,Matchweek 25,Home,W,3,1,Hoffenheim,2.4,0.6,64.0,17.0,7.0,1.0,0,0,Eintracht Frankfurt
2024-03-17,Bundesliga,Matchweek 26,Away,L,1,3,Dortmund,0.9,2.3,34.0,9.0,6.0,1.0,0,0,Eintracht Frankfurt
2024-03-30,Bundesliga,Matchweek 27,Home,D,0,0,Union Berlin,1.0,1.5,65.0,16.0,3.0,1.0,0,0,Eintracht Frankfurt
2024-04-05,Bundesliga,Matchweek 28,Home,D,1,1,Werder Bremen,2.1,1.6,66.0,24.0,5.0,0.0,0,0,Eintracht Frankfurt
2024-04-13,Bundesliga,Matchweek 29,Away,L,0,3,Stuttgart,0.6,1.2,46.0,10.0,3.0,1.0,0,0,Eintracht Frankfurt
2024-04-19,Bundesliga,Matchweek 30,Home,W,3,1,Augsburg,1.8,0.5,63.0,12.0,7.0,0.0,0,0,Eintracht Frankfurt
2024-04-27,Bundesliga,Matchweek 31,Away,L,1,2,Bayern Munich,0.5,3.3,38.0,10.0,3.0,0.0,0,0,Eintracht Frankfurt
2024-05-05,Bundesliga,Matchweek 32,Home,L,1,5,Leverkusen,1.9,2.7,55.0,17.0,5.0,1.0,0,0,Eintracht Frankfurt
2024-05-11,Bundesliga,Matchweek 33,Away,D,1,1,Gladbach,1.5,0.4,56.0,17.0,2.0,0.0,0,0,Eintracht Frankfurt
2024-05-18,Bundesliga,Matchweek 34,Home,D,2,2,RB Leipzig,2.1,1.6,47.0,21.0,5.0,0.0,1,1,Eintracht Frankfurt
2023-08-14,DFB-Pokal,Round of 64,Away,W,4,1,Lübeck,,,69.0,27.0,15.0,,1,1,Hoffenheim
2023-08-19,Bundesliga,Matchweek 1,Home,L,1,2,Freiburg,1.4,2.6,50.0,22.0,4.0,0.0,0,0,Hoffenheim
2023-08-26,Bundesliga,Matchweek 2,Away,W,3,2,Heidenheim,3.0,2.4,62.0,15.0,5.0,2.0,1,1,Hoffenheim
2023-09-02,Bundesliga,Matchweek 3,Home,W,3,1,Wolfsburg,2.0,1.2,40.0,10.0,5.0,1.0,0,0,Hoffenheim
2023-09-16,Bundesliga,Matchweek 4,Away,W,3,1,Köln,1.0,1.0,44.0,13.0,5.0,2.0,0,0,Hoffenheim
2023-09-23,Bundesliga,Matchweek 5,Away,W,2,0,Union Berlin,2.0,1.6,43.0,10.0,2.0,2.0,1,1,Hoffenheim
2023-09-29,Bundesliga,Matchweek 6,Home,L,1,3,Dortmund,1.9,1.6,53.0,14.0,2.0,2.0,1,1,Hoffenheim
2023-10-07,Bundesliga,Matchweek 7,Away,W,3,2,Werder Bremen,1.9,0.8,52.0,10.0,4.0,0.0,0,0,Hoffenheim
2023-10-21,Bundesliga,Matchweek 8,Home,L,1,3,Eint Frankfurt,1.4,2.4,54.0,14.0,4.0,1.0,0,0,Hoffenheim
2023-10-28,Bundesliga,Matchweek 9,Away,W,3,2,Stuttgart,1.7,3.6,27.0,6.0,4.0,0.0,1,1,Hoffenheim
2023-11-01,DFB-Pokal,Round of 32,Away,L,0,1,Dortmund,,,46.0,6.0,3.0,,0,0,Hoffenheim
2023-11-04,Bundesliga,Matchweek 10,Home,L,2,3,Leverkusen,1.7,1.0,47.0,12.0,7.0,0.0,0,0,Hoffenheim
2023-11-11,Bundesliga,Matchweek 11,Away,D,1,1,Augsburg,0.8,1.0,66.0,12.0,6.0,0.0,0,0,Hoffenheim
2023-11-26,Bundesliga,Matchweek 12,Home,D,1,1,Mainz 05,1.2,1.8,53.0,15.0,4.0,0.0,0,0,Hoffenheim
2023-12-02,Bundesliga,Matchweek 13,Away,L,1,2,Gladbach,1.4,1.6,51.0,19.0,5.0,0.0,0,0,Hoffenheim
2023-12-08,Bundesliga,Matchweek 14,Home,W,3,1,Bochum,1.5,1.5,42.0,17.0,7.0,0.0,0,0,Hoffenheim
2023-12-16,Bundesliga,Matchweek 15,Away,L,1,3,RB Leipzig,0.8,2.8,43.0,9.0,4.0,1.0,0,0,Hoffenheim
2023-12-19,Bundesliga,Matchweek 16,Home,D,3,3,Darmstadt 98,3.5,0.8,45.0,13.0,3.0,1.0,1,1,Hoffenheim
2024-01-12,Bundesliga,Matchweek 17,Away,L,0,3,Bayern Munich,1.2,2.8,39.0,11.0,4.0,0.0,0,0,Hoffenheim
2024-01-20,Bundesliga,Matchweek 18,Away,L,2,3,Freiburg,1.4,2.7,56.0,16.0,4.0,0.0,0,0,Hoffenheim
2024-01-27,Bundesliga,Matchweek 19,Home,D,1,1,Heidenheim,2.8,1.1,67.0,22.0,6.0,0.0,1,1,Hoffenheim
2024-02-04,Bundesliga,Matchweek 20,Away,D,2,2,Wolfsburg,1.7,1.7,55.0,17.0,7.0,1.0,0,0,Hoffenheim
2024-02-11,Bundesliga,Matchweek 21,Home,D,1,1,Köln,1.2,0.1,57.0,10.0,3.0,0.0,0,0,Hoffenheim
2024-02-17,Bundesliga,Matchweek 22,Home,L,0,1,Union Berlin,1.0,1.4,66.0,18.0,4.0,0.0,0,0,Hoffenheim
2024-02-25,Bundesliga,Matchweek 23,Away,W,3,2,Dortmund,1.3,1.9,31.0,9.0,5.0,1.0,0,0,Hoffenheim
2024-03-03,Bundesliga,Matchweek 24,Home,W,2,1,Werder Bremen,1.7,1.3,47.0,14.0,7.0,0.0,0,0,Hoffenheim
2024-03-10,Bundesliga,Matchweek 25,Away,L,1,3,Eint Frankfurt,0.6,2.4,36.0,6.0,2.0,0.0,0,0,Hoffenheim
2024-03-16,Bundesliga,Matchweek 26,Home,L,0,3,Stuttgart,0.5,3.7,43.0,7.0,1.0,0.0,0,0,Hoffenheim
2024-03-30,Bundesliga,Matchweek 27,Away,L,1,2,Leverkusen,0.8,3.1,33.0,6.0,2.0,0.0,0,0,Hoffenheim
2024-04-07,Bundesliga,Matchweek 28,Home,W,3,1,Augsburg,1.8,1.2,54.0,18.0,6.0,0.0,0,0,Hoffenheim
2024-04-13,Bundesliga,Matchweek 29,Away,L,1,4,Mainz 05,0.5,2.1,53.0,5.0,1.0,0.0,0,0,Hoffenheim
2024-04-20,Bundesliga,Matchweek 30,Home,W,4,3,Gladbach,2.3,1.0,59.0,28.0,9.0,2.0,0,0,Hoffenheim
2024-04-26,Bundesliga,Matchweek 31,Away,L,2,3,Bochum,1.0,3.2,54.0,10.0,4.0,0.0,0,0,Hoffenheim
2024-05-03,Bundesliga,Matchweek 32,Home,D,1,1,RB Leipzig,1.6,0.8,55.0,20.0,8.0,0.0,0,0,Hoffenheim
2024-05-12,Bundesliga,Matchweek 33,Away,W,6,0,Darmstadt 98,3.3,0.6,59.0,12.0,7.0,0.0,0,0,Hoffenheim
2024-05-18,Bundesliga,Matchweek 34,Home,W,4,2,Bayern Munich,1.8,1.5,48.0,17.0,9.0,0.0,0,0,Hoffenheim
2023-08-13,DFB-Pokal,Round of 64,Away,W,8,0,Rostocker FC,,,63.0,39.0,21.0,,0,0,Heidenheim
2023-08-19,Bundesliga,Matchweek 1,Away,L,0,2,Wolfsburg,1.2,2.2,52.0,14.0,1.0,0.0,0,0,Heidenheim
2023-08-26,Bundesliga,Matchweek 2,Home,L,2,3,Hoffenheim,2.4,3.0,38.0,19.0,7.0,1.0,0,1,Heidenheim
2023-09-01,Bundesliga,Matchweek 3,Away,D,2,2,Dortmund,2.1,3.4,38.0,13.0,5.0,1.0,1,1,Heidenheim
2023-09-17,Bundesliga,Matchweek 4,Home,W,4,2,Werder Bremen,2.2,3.0,41.0,17.0,4.0,1.0,1,1,Heidenheim
2023-09-24,Bundesliga,Matchweek 5,Away,L,1,4,Leverkusen,0.5,3.4,29.0,2.0,2.0,0.0,0,0,Heidenheim
2023-09-30,Bundesliga,Matchweek 6,Home,W,1,0,Union Berlin,0.8,2.2,50.0,10.0,4.0,1.0,0,0,Heidenheim
2023-10-08,Bundesliga,Matchweek 7,Away,L,0,2,Eint Frankfurt,1.2,1.9,51.0,7.0,2.0,0.0,0,0,Heidenheim
2023-10-22,Bundesliga,Matchweek 8,Home,L,2,5,Augsburg,1.5,2.5,59.0,15.0,5.0,0.0,0,0,Heidenheim
2023-10-28,Bundesliga,Matchweek 9,Away,L,1,2,Gladbach,0.4,1.0,47.0,9.0,4.0,0.0,0,0,Heidenheim
2023-10-31,DFB-Pokal,Round of 32,Away,L,1,3,Gladbach,,,52.0,5.0,1.0,,0,0,Heidenheim
2023-11-05,Bundesliga,Matchweek 10,Home,W,2,0,Stuttgart,1.2,2.6,32.0,19.0,3.0,1.0,0,0,Heidenheim
2023-11-11,Bundesliga,Matchweek 11,Away,L,2,4,Bayern Munich,0.9,2.0,28.0,8.0,2.0,0.0,0,0,Heidenheim
2023-11-26,Bundesliga,Matchweek 12,Home,D,0,0,Bochum,0.8,0.4,49.0,9.0,3.0,0.0,0,0,Heidenheim
2023-12-02,Bundesliga,Matchweek 13,Away,L,1,2,RB Leipzig,1.0,4.0,30.0,7.0,1.0,0.0,0,0,Heidenheim
2023-12-09,Bundesliga,Matchweek 14,Home,W,3,2,Darmstadt 98,1.4,0.9,44.0,16.0,7.0,1.0,0,0,Heidenheim
2023-12-16,Bundesliga,Matchweek 15,Away,W,1,0,Mainz 05,0.5,1.6,35.0,6.0,2.0,0.0,0,0,Heidenheim
2023-12-20,Bundesliga,Matchweek 16,Home,W,3,2,Freiburg,1.9,1.8,53.0,15.0,3.0,1.0,0,0,Heidenheim
2024-01-13,Bundesliga,Matchweek 17,Away,D,1,1,Köln,0.9,0.9,49.0,9.0,2.0,1.0,0,0,Heidenheim
2024-01-20,Bundesliga,Matchweek 18,Home,D,1,1,Wolfsburg,1.1,1.1,53.0,12.0,3.0,1.0,0,0,Heidenheim
2024-01-27,Bundesliga,Matchweek 19,Away,D,1,1,Hoffenheim,1.1,2.8,33.0,14.0,3.0,0.0,0,0,Heidenheim
2024-02-02,Bundesliga,Matchweek 20,Home,D,0,0,Dortmund,1.2,0.6,31.0,12.0,0.0,0.0,0,0,Heidenheim
2024-02-10,Bundesliga,Matchweek 21,Away,W,2,1,Werder Bremen,1.8,1.7,35.0,11.0,3.0,0.0,0,0,Heidenheim
2024-02-17,Bundesliga,Matchweek 22,Home,L,1,2,Leverkusen,0.4,1.9,39.0,6.0,3.0,0.0,0,0,Heidenheim
2024-02-24,Bundesliga,Matchweek 23,Away,D,2,2,Union Berlin,1.1,1.1,42.0,10.0,4.0,0.0,0,0,Heidenheim
2024-03-02,Bundesliga,Matchweek 24,Home,L,1,2,Eint Frankfurt,1.0,1.2,58.0,15.0,3.0,0.0,0,0,Heidenheim
2024-03-09,Bundesliga,Matchweek 25,Away,L,0,1,Augsburg,0.4,0.5,42.0,6.0,1.0,0.0,0,0,Heidenheim
2024-03-16,Bundesliga,Matchweek 26,Home,D,1,1,Gladbach,1.1,0.5,53.0,19.0,3.0,0.0,0,0,Heidenheim
2024-03-31,Bundesliga,Matchweek 27,Away,D,3,3,Stuttgart,1.3,3.0,28.0,6.0,3.0,0.0,0,0,Heidenheim
2024-04-06,Bundesliga,Matchweek 28,Home,W,3,2,Bayern Munich,1.4,1.9,33.0,9.0,4.0,1.0,0,0,Heidenheim
2024-04-13,Bundesliga,Matchweek 29,Away,D,1,1,Bochum,1.1,1.2,39.0,11.0,3.0,0.0,0,0,Heidenheim
2024-04-20,Bundesliga,Matchweek 30,Home,L,1,2,RB Leipzig,1.0,1.8,39.0,10.0,4.0,1.0,0,0,Heidenheim
2024-04-28,Bundesliga,Matchweek 31,Away,W,1,0,Darmstadt 98,1.6,0.7,55.0,17.0,5.0,0.0,0,0,Heidenheim
2024-05-05,Bundesliga,Matchweek 32,Home,D,1,1,Mainz 05,0.9,1.4,46.0,15.0,5.0,0.0,0,0,Heidenheim
2024-05-11,Bundesliga,Matchweek 33,Away,D,1,1,Freiburg,0.7,1.5,44.0,8.0,3.0,0.0,0,0,Heidenheim
2024-05-18,Bundesliga,Matchweek 34,Home,W,4,1,Köln,1.0,2.3,49.0,16.0,7.0,1.0,0,0,Heidenheim
2023-08-12,DFB-Pokal,Round of 64,Away,L,2,3,Viktoria Köln,,,38.0,9.0,5.0,,1,1,Werder Bremen
2023-08-18,Bundesliga,Matchweek 1,Home,L,0,4,Bayern Munich,0.6,2.8,28.0,6.0,1.0,1.0,0,0,Werder Bremen
2023-08-26,Bundesliga,Matchweek 2,Away,L,0,1,Freiburg,1.0,2.4,51.0,15.0,1.0,1.0,0,0,Werder Bremen
2023-09-02,Bundesliga,Matchweek 3,Home,W,4,0,Mainz 05,2.7,0.5,45.0,12.0,5.0,0.0,1,1,Werder Bremen
2023-09-17,Bundesliga,Matchweek 4,Away,L,2,4,Heidenheim,3.0,2.2,59.0,10.0,3.0,0.0,0,1,Werder Bremen
2023-09-23,Bundesliga,Matchweek 5,Home,W,2,1,Köln,2.1,1.3,47.0,17.0,6.0,0.0,0,0,Werder Bremen
2023-10-01,Bundesliga,Matchweek 6,Away,L,2,4,Darmstadt 98,1.5,2.4,57.0,11.0,6.0,2.0,0,0,Werder Bremen
2023-10-07,Bundesliga,Matchweek 7,Home,L,2,3,Hoffenheim,0.8,1.9,48.0,13.0,3.0,0.0,0,0,Werder Bremen
2023-10-20,Bundesliga,Matchweek 8,Away,L,0,1,Dortmund,0.4,2.6,43.0,5.0,1.0,0.0,0,0,Werder Bremen
2023-10-28,Bundesliga,Matchweek 9,Home,W,2,0,Union Berlin,0.8,0.6,56.0,10.0,4.0,0.0,0,0,Werder Bremen
2023-11-05,Bundesliga,Matchweek 10,Away,D,2,2,Wolfsburg,1.2,1.6,44.0,13.0,4.0,1.0,0,0,Werder Bremen
2023-11-12,Bundesliga,Matchweek 11,Home,D,2,2,Eint Frankfurt,1.5,2.0,49.0,12.0,4.0,1.0,1,1,Werder Bremen
2023-11-25,Bundesliga,Matchweek 12,Home,L,0,3,Leverkusen,0.2,1.0,41.0,2.0,1.0,0.0,0,0,Werder Bremen
2023-12-02,Bundesliga,Matchweek 13,Away,L,0,2,Stuttgart,0.8,3.5,42.0,12.0,3.0,0.0,0,0,Werder Bremen
2023-12-09,Bundesliga,Matchweek 14,Home,W,2,0,Augsburg,1.5,0.7,48.0,14.0,5.0,0.0,0,0,Werder Bremen
2023-12-15,Bundesliga,Matchweek 15,Away,D,2,2,Gladbach,1.6,1.4,50.0,12.0,5.0,0.0,0,0,Werder Bremen
2023-12-19,Bundesliga,Matchweek 16,Home,D,1,1,RB Leipzig,1.5,1.7,45.0,11.0,1.0,1.0,0,0,Werder Bremen
2024-01-14,Bundesliga,Matchweek 17,Away,D,1,1,Bochum,0.8,0.7,51.0,16.0,3.0,0.0,0,0,Werder Bremen
2024-01-21,Bundesliga,Matchweek 18,Away,W,1,0,Bayern Munich,0.4,1.9,32.0,8.0,3.0,0.0,0,0,Werder Bremen
2024-01-27,Bundesliga,Matchweek 19,Home,W,3,1,Freiburg,2.5,1.2,42.0,13.0,2.0,0.0,1,1,Werder Bremen
2024-02-03,Bundesliga,Matchweek 20,Away,W,1,0,Mainz 05,0.6,0.8,41.0,6.0,1.0,0.0,0,0,Werder Bremen
2024-02-10,Bundesliga,Matchweek 21,Home,L,1,2,Heidenheim,1.7,1.8,65.0,15.0,3.0,1.0,0,0,Werder Bremen
2024-02-16,Bundesliga,Matchweek 22,Away,W,1,0,Köln,1.8,0.8,43.0,13.0,4.0,0.0,0,0,Werder Bremen
2024-02-24,Bundesliga,Matchweek 23,Home,D,1,1,Darmstadt 98,1.8,1.0,55.0,15.0,4.0,0.0,0,0,Werder Bremen
2024-03-03,Bundesliga,Matchweek 24,Away,L,1,2,Hoffenheim,1.3,1.7,53.0,18.0,7.0,2.0,0,0,Werder Bremen
2024-03-09,Bundesliga,Matchweek 25,Home,L,1,2,Dortmund,1.8,1.2,46.0,16.0,5.0,2.0,0,0,Werder Bremen
2024-03-16,Bundesliga,Matchweek 26,Away,L,1,2,Union Berlin,1.1,1.1,50.0,11.0,2.0,0.0,0,0,Werder Bremen
2024-03-30,Bundesliga,Matchweek 27,Home,L,0,2,Wolfsburg,0.5,2.3,49.0,6.0,1.0,0.0,0,0,Werder Bremen
2024-04-05,Bundesliga,Matchweek 28,Away,D,1,1,Eint Frankfurt,1.6,2.1,34.0,11.0,7.0,1.0,0,0,Werder Bremen
2024-04-14,Bundesliga,Matchweek 29,Away,L,0,5,Leverkusen,0.7,3.2,44.0,7.0,3.0,0.0,0,0,Werder Bremen
2024-04-21,Bundesliga,Matchweek 30,Home,W,2,1,Stuttgart,1.5,2.2,31.0,8.0,1.0,0.0,1,1,Werder Bremen
2024-04-27,Bundesliga,Matchweek 31,Away,W,3,0,Augsburg,2.0,0.6,46.0,14.0,5.0,0.0,1,1,Werder Bremen
2024-05-04,Bundesliga,Matchweek 32,Home,D,2,2,Gladbach,1.4,1.9,56.0,18.0,6.0,1.0,0,0,Werder Bremen
2024-05-11,Bundesliga,Matchweek 33,Away,D,1,1,RB Leipzig,1.1,1.4,55.0,11.0,2.0,0.0,0,0,Werder Bremen
2024-05-18,Bundesliga,Matchweek 34,Home,W,4,1,Bochum,3.0,2.1,46.0,26.0,13.0,0.0,0,0,Werder Bremen
2023-08-13,DFB-Pokal,Round of 64,Away,W,2,0,SV Oberachern,,,76.0,30.0,11.0,,0,0,Freiburg
2023-08-19,Bundesliga,Matchweek 1,Away,W,2,1,Hoffenheim,2.6,1.4,50.0,18.0,7.0,0.0,0,0,Freiburg
2023-08-26,Bundesliga,Matchweek 2,Home,W,1,0,Werder Bremen,2.4,1.0,49.0,23.0,7.0,0.0,0,0,Freiburg
2023-09-02,Bundesliga,Matchweek 3,Away,L,0,5,Stuttgart,1.0,1.7,52.0,13.0,7.0,0.0,0,0,Freiburg
2023-09-16,Bundesliga,Matchweek 4,Home,L,2,4,Dortmund,1.0,2.3,50.0,15.0,4.0,1.0,0,0,Freiburg
2023-09-21,Europa Lg,Group stage,Away,W,3,2,gr Olympiacos,1.6,2.3,53.0,12.0,5.0,0.0,1,1,Freiburg
2023-09-24,Bundesliga,Matchweek 5,Away,D,0,0,Eint Frankfurt,0.5,0.6,43.0,7.0,1.0,0.0,0,0,Freiburg
2023-10-01,Bundesliga,Matchweek 6,Home,W,2,0,Augsburg,1.0,0.8,53.0,6.0,2.0,0.0,1,1,Freiburg
2023-10-05,Europa Lg,Group stage,Home,L,1,2,eng West Ham,1.5,1.0,55.0,11.0,5.0,0.0,0,0,Freiburg
2023-10-08,Bundesliga,Matchweek 7,Away,L,0,3,Bayern Munich,0.1,2.4,31.0,2.0,0.0,0.0,0,0,Freiburg
2023-10-21,Bundesliga,Matchweek 8,Home,W,2,1,Bochum,2.3,1.5,58.0,16.0,4.0,1.0,1,1,Freiburg
2023-10-26,Europa Lg,Group stage,Away,W,3,1,rs TSC Bačka Top,2.1,0.7,63.0,15.0,4.0,1.0,1,1,Freiburg
2023-10-29,Bundesliga,Matchweek 9,Away,L,1,2,Leverkusen,0.9,1.4,30.0,10.0,3.0,0.0,0,0,Freiburg
2023-11-01,DFB-Pokal,Round of 32,Home,L,1,3,Paderborn 07,,,65.0,20.0,9.0,,0,0,Freiburg
2023-11-04,Bundesliga,Matchweek 10,Home,D,3,3,Gladbach,3.3,2.2,59.0,15.0,7.0,0.0,1,1,Freiburg
2023-11-09,Europa Lg,Group stage,Home,W,5,0,rs TSC Bačka Top,3.7,0.2,66.0,29.0,10.0,0.0,0,0,Freiburg
2023-11-12,Bundesliga,Matchweek 11,Away,L,1,3,RB Leipzig,0.5,1.9,39.0,9.0,3.0,0.0,0,0,Freiburg
2023-11-25,Bundesliga,Matchweek 12,Home,D,1,1,Darmstadt 98,1.6,0.4,66.0,15.0,3.0,1.0,0,0,Freiburg
2023-11-30,Europa Lg,Group stage,Home,W,5,0,gr Olympiacos,1.4,0.7,54.0,12.0,6.0,0.0,0,0,Freiburg
2023-12-03,Bundesliga,Matchweek 13,Away,W,1,0,Mainz 05,0.9,2.3,39.0,13.0,5.0,0.0,0,0,Freiburg
2023-12-09,Bundesliga,Matchweek 14,Away,W,1,0,Wolfsburg,1.1,1.2,42.0,4.0,1.0,0.0,0,0,Freiburg
2023-12-14,Europa Lg,Group stage,Away,L,0,2,eng West Ham,0.4,1.6,43.0,12.0,4.0,0.0,0,0,Freiburg
2023-12-17,Bundesliga,Matchweek 15,Home,W,2,0,Köln,3.0,1.2,52.0,22.0,7.0,0.0,0,0,Freiburg
2023-12-20,Bundesliga,Matchweek 16,Away,L,2,3,Heidenheim,1.8,1.9,47.0,10.0,3.0,0.0,1,1,Freiburg
2024-01-13,Bundesliga,Matchweek 17,Home,D,0,0,Union Berlin,1.8,0.5,57.0,13.0,3.0,0.0,0,0,Freiburg
2024-01-20,Bundesliga,Matchweek 18,Home,W,3,2,Hoffenheim,2.7,1.4,44.0,18.0,9.0,1.0,0,0,Freiburg
2024-01-27,Bundesliga,Matchweek 19,Away,L,1,3,Werder Bremen,1.2,2.5,58.0,6.0,3.0,1.0,1,1,Freiburg
2024-02-03,Bundesliga,Matchweek 20,Home,L,1,3,Stuttgart,0.7,1.7,35.0,6.0,3.0,0.0,0,0,Freiburg
2024-02-09,Bundesliga,Matchweek 21,Away,L,0,3,Dortmund,0.3,1.9,34.0,6.0,3.0,0.0,0,0,Freiburg
2024-02-15,Europa Lg,Knockout round play-offs,Away,D,0,0,fr Lens,1.6,0.6,43.0,17.0,4.0,0.0,0,0,Freiburg
2024-02-18,Bundesliga,Matchweek 22,Home,D,3,3,Eint Frankfurt,2.2,1.0,54.0,12.0,6.0,0.0,1,1,Freiburg
2024-02-22,Europa Lg,Knockout round play-offs,Home,W,3,2,fr Lens,3.2,0.8,49.0,24.0,8.0,0.0,0,0,Freiburg
2024-02-25,Bundesliga,Matchweek 23,Away,L,1,2,Augsburg,1.6,1.6,37.0,4.0,0.0,0.0,1,1,Freiburg
2024-03-01,Bundesliga,Matchweek 24,Home,D,2,2,Bayern Munich,1.5,1.8,38.0,17.0,6.0,0.0,0,0,Freiburg
2024-03-07,Europa Lg,Round of 16,Home,W,1,0,eng West Ham,1.5,1.4,58.0,15.0,4.0,0.0,0,0,Freiburg
2024-03-10,Bundesliga,Matchweek 25,Away,W,2,1,Bochum,1.4,1.2,40.0,9.0,4.0,0.0,0,0,Freiburg
2024-03-14,Europa Lg,Round of 16,Away,L,0,5,eng West Ham,0.3,2.1,60.0,10.0,3.0,0.0,0,0,Freiburg
2024-03-17,Bundesliga,Matchweek 26,Home,L,2,3,Leverkusen,0.9,2.3,33.0,11.0,3.0,0.0,0,0,Freiburg
2024-03-30,Bundesliga,Matchweek 27,Away,W,3,0,Gladbach,1.7,1.5,46.0,14.0,8.0,1.0,0,0,Freiburg
2024-04-06,Bundesliga,Matchweek 28,Home,L,1,4,RB Leipzig,1.6,2.3,47.0,12.0,2.0,0.0,0,1,Freiburg
2024-04-14,Bundesliga,Matchweek 29,Away,W,1,0,Darmstadt 98,0.9,1.1,47.0,9.0,3.0,0.0,0,0,Freiburg
2024-04-21,Bundesliga,Matchweek 30,Home,D,1,1,Mainz 05,1.1,1.0,40.0,6.0,3.0,0.0,0,0,Freiburg
2024-04-27,Bundesliga,Matchweek 31,Home,L,1,2,Wolfsburg,2.2,0.5,51.0,14.0,3.0,0.0,0,1,Freiburg
2024-05-04,Bundesliga,Matchweek 32,Away,D,0,0,Köln,0.8,0.9,44.0,4.0,0.0,0.0,0,0,Freiburg
2024-05-11,Bundesliga,Matchweek 33,Home,D,1,1,Heidenheim,1.5,0.7,56.0,20.0,4.0,1.0,0,0,Freiburg
2024-05-18,Bundesliga,Matchweek 34,Away,L,1,2,Union Berlin,1.0,2.3,62.0,13.0,4.0,0.0,0,0,Freiburg
2023-08-13,DFB-Pokal,Round of 64,Away,L,0,2,Unterhaching,,,63.0,16.0,3.0,,0,0,Augsburg
2023-08-19,Bundesliga,Matchweek 1,Home,D,4,4,Gladbach,2.3,1.7,56.0,19.0,6.0,1.0,1,1,Augsburg
2023-08-27,Bundesliga,Matchweek 2,Away,L,1,3,Bayern Munich,0.7,2.8,39.0,10.0,2.0,0.0,0,0,Augsburg
2023-09-02,Bundesliga,Matchweek 3,Home,D,2,2,Bochum,1.9,1.6,38.0,11.0,4.0,0.0,0,0,Augsburg
2023-09-16,Bundesliga,Matchweek 4,Away,L,0,3,RB Leipzig,1.7,1.1,46.0,16.0,5.0,0.0,0,0,Augsburg
2023-09-23,Bundesliga,Matchweek 5,Home,W,2,1,Mainz 05,0.8,0.6,41.0,5.0,3.0,0.0,0,0,Augsburg
2023-10-01,Bundesliga,Matchweek 6,Away,L,0,2,Freiburg,0.8,1.0,47.0,13.0,3.0,0.0,0,0,Augsburg
2023-10-07,Bundesliga,Matchweek 7,Home,L,1,2,Darmstadt 98,0.9,1.8,48.0,18.0,3.0,1.0,0,0,Augsburg
2023-10-22,Bundesliga,Matchweek 8,Away,W,5,2,Heidenheim,2.5,1.5,41.0,8.0,5.0,0.0,1,1,Augsburg
2023-10-28,Bundesliga,Matchweek 9,Home,W,3,2,Wolfsburg,1.4,1.4,40.0,8.0,5.0,0.0,0,0,Augsburg
2023-11-04,Bundesliga,Matchweek 10,Away,D,1,1,Köln,2.6,2.0,41.0,18.0,2.0,1.0,0,0,Augsburg
2023-11-11,Bundesliga,Matchweek 11,Home,D,1,1,Hoffenheim,1.0,0.8,34.0,11.0,6.0,0.0,0,0,Augsburg
2023-11-25,Bundesliga,Matchweek 12,Away,D,1,1,Union Berlin,1.7,2.1,39.0,10.0,1.0,1.0,1,1,Augsburg
2023-12-03,Bundesliga,Matchweek 13,Home,W,2,1,Eint Frankfurt,1.4,1.0,36.0,7.0,3.0,0.0,0,1,Augsburg
2023-12-09,Bundesliga,Matchweek 14,Away,L,0,2,Werder Bremen,0.7,1.5,52.0,11.0,1.0,0.0,0,0,Augsburg
2023-12-16,Bundesliga,Matchweek 15,Home,D,1,1,Dortmund,1.8,2.6,37.0,20.0,3.0,0.0,0,0,Augsburg
2023-12-20,Bundesliga,Matchweek 16,Away,L,0,3,Stuttgart,0.2,2.6,34.0,6.0,4.0,0.0,0,0,Augsburg
2024-01-13,Bundesliga,Matchweek 17,Home,L,0,1,Leverkusen,0.4,2.0,24.0,3.0,0.0,0.0,0,0,Augsburg
2024-01-21,Bundesliga,Matchweek 18,Away,W,2,1,Gladbach,1.3,1.7,45.0,15.0,7.0,0.0,0,0,Augsburg
2024-01-27,Bundesliga,Matchweek 19,Home,L,2,3,Bayern Munich,2.6,2.3,42.0,13.0,5.0,1.0,1,2,Augsburg
2024-02-03,Bundesliga,Matchweek 20,Away,D,1,1,Bochum,1.6,0.9,51.0,13.0,2.0,0.0,1,1,Augsburg
2024-02-10,Bundesliga,Matchweek 21,Home,D,2,2,RB Leipzig,0.7,1.3,42.0,11.0,4.0,0.0,0,0,Augsburg
2024-02-17,Bundesliga,Matchweek 22,Away,L,0,1,Mainz 05,1.0,2.1,54.0,10.0,3.0,0.0,0,0,Augsburg
2024-02-25,Bundesliga,Matchweek 23,Home,W,2,1,Freiburg,1.6,1.6,63.0,19.0,8.0,1.0,0,0,Augsburg
2024-03-02,Bundesliga,Matchweek 24,Away,W,6,0,Darmstadt 98,2.9,0.8,54.0,22.0,7.0,0.0,0,0,Augsburg
2024-03-09,Bundesliga,Matchweek 25,Home,W,1,0,Heidenheim,0.5,0.4,58.0,7.0,3.0,1.0,0,0,Augsburg
2024-03-16,Bundesliga,Matchweek 26,Away,W,3,1,Wolfsburg,0.7,1.3,50.0,15.0,5.0,1.0,0,0,Augsburg
2024-03-31,Bundesliga,Matchweek 27,Home,D,1,1,Köln,2.2,1.3,57.0,25.0,5.0,1.0,0,0,Augsburg
2024-04-07,Bundesliga,Matchweek 28,Away,L,1,3,Hoffenheim,1.2,1.8,46.0,15.0,6.0,0.0,0,0,Augsburg
2024-04-12,Bundesliga,Matchweek 29,Home,W,2,0,Union Berlin,1.6,1.6,47.0,10.0,4.0,0.0,0,0,Augsburg
2024-04-19,Bundesliga,Matchweek 30,Away,L,1,3,Eint Frankfurt,0.5,1.8,37.0,6.0,1.0,0.0,0,0,Augsburg
2024-04-27,Bundesliga,Matchweek 31,Home,L,0,3,Werder Bremen,0.6,2.0,54.0,13.0,1.0,0.0,0,0,Augsburg
2024-05-04,Bundesliga,Matchweek 32,Away,L,1,5,Dortmund,2.5,4.0,39.0,22.0,3.0,0.0,0,0,Augsburg
2024-05-10,Bundesliga,Matchweek 33,Home,L,0,1,Stuttgart,0.6,1.9,24.0,9.0,1.0,2.0,0,0,Augsburg
2024-05-18,Bundesliga,Matchweek 34,Away,L,1,2,Leverkusen,1.2,2.4,35.0,10.0,2.0,1.0,0,0,Augsburg
2023-08-13,DFB-Pokal,Round of 64,Away,W,6,0,TuS Makkabi Berlin,,,66.0,18.0,13.0,,0,0,Wolfsburg
2023-08-19,Bundesliga,Matchweek 1,Home,W,2,0,Heidenheim,2.2,1.2,48.0,18.0,8.0,0.0,0,0,Wolfsburg
2023-08-26,Bundesliga,Matchweek 2,Away,W,2,1,Köln,1.7,0.9,50.0,9.0,6.0,0.0,0,0,Wolfsburg
2023-09-02,Bundesliga,Matchweek 3,Away,L,1,3,Hoffenheim,1.2,2.0,60.0,13.0,7.0,1.0,0,0,Wolfsburg
2023-09-16,Bundesliga,Matchweek 4,Home,W,2,1,Union Berlin,0.4,1.1,44.0,8.0,3.0,1.0,0,0,Wolfsburg
2023-09-23,Bundesliga,Matchweek 5,Away,L,0,1,Dortmund,0.5,1.7,37.0,7.0,1.0,0.0,0,0,Wolfsburg
2023-09-30,Bundesliga,Matchweek 6,Home,W,2,0,Eint Frankfurt,3.2,1.3,54.0,17.0,7.0,1.0,0,1,Wolfsburg
2023-10-07,Bundesliga,Matchweek 7,Away,L,1,3,Stuttgart,1.2,2.7,41.0,12.0,5.0,1.0,0,0,Wolfsburg
2023-10-21,Bundesliga,Matchweek 8,Home,L,1,2,Leverkusen,1.4,1.9,42.0,18.0,6.0,1.0,0,0,Wolfsburg
2023-10-28,Bundesliga,Matchweek 9,Away,L,2,3,Augsburg,1.4,1.4,60.0,12.0,5.0,0.0,1,1,Wolfsburg
2023-10-31,DFB-Pokal,Round of 32,Home,W,1,0,RB Leipzig,,,34.0,12.0,5.0,,0,0,Wolfsburg
2023-11-05,Bundesliga,Matchweek 10,Home,D,2,2,Werder Bremen,1.6,1.2,56.0,14.0,4.0,1.0,0,0,Wolfsburg
2023-11-10,Bundesliga,Matchweek 11,Away,L,0,4,Gladbach,0.5,1.5,53.0,12.0,4.0,1.0,0,0,Wolfsburg
2023-11-25,Bundesliga,Matchweek 12,Home,W,2,1,RB Leipzig,0.9,2.7,36.0,10.0,4.0,0.0,0,0,Wolfsburg
2023-12-02,Bundesliga,Matchweek 13,Away,L,1,3,Bochum,1.3,1.5,56.0,16.0,6.0,1.0,0,0,Wolfsburg
2023-12-05,DFB-Pokal,Round of 16,Away,L,0,1,Gladbach,,,50.0,14.0,3.0,,0,0,Wolfsburg
2023-12-09,Bundesliga,Matchweek 14,Home,L,0,1,Freiburg,1.2,1.1,58.0,10.0,2.0,2.0,0,0,Wolfsburg
2023-12-16,Bundesliga,Matchweek 15,Away,W,1,0,Darmstadt 98,0.6,0.6,37.0,11.0,2.0,0.0,0,0,Wolfsburg
2023-12-20,Bundesliga,Matchweek 16,Home,L,1,2,Bayern Munich,0.3,2.5,39.0,5.0,4.0,0.0,0,0,Wolfsburg
2024-01-13,Bundesliga,Matchweek 17,Away,D,1,1,Mainz 05,0.6,0.4,48.0,9.0,4.0,0.0,0,0,Wolfsburg
2024-01-20,Bundesliga,Matchweek 18,Away,D,1,1,Heidenheim,1.1,1.1,47.0,13.0,3.0,0.0,0,0,Wolfsburg
2024-01-27,Bundesliga,Matchweek 19,Home,D,1,1,Köln,1.5,0.6,52.0,14.0,4.0,1.0,0,0,Wolfsburg
2024-02-04,Bundesliga,Matchweek 20,Home,D,2,2,Hoffenheim,1.7,1.7,45.0,13.0,6.0,0.0,1,1,Wolfsburg
2024-02-10,Bundesliga,Matchweek 21,Away,L,0,1,Union Berlin,1.3,0.5,58.0,17.0,4.0,1.0,0,0,Wolfsburg
2024-02-17,Bundesliga,Matchweek 22,Home,D,1,1,Dortmund,1.8,1.4,37.0,11.0,4.0,0.0,0,0,Wolfsburg
2024-02-25,Bundesliga,Matchweek 23,Away,D,2,2,Eint Frankfurt,1.0,0.9,43.0,14.0,8.0,0.0,0,0,Wolfsburg
2024-03-02,Bundesliga,Matchweek 24,Home,L,2,3,Stuttgart,0.8,1.1,42.0,12.0,2.0,0.0,0,0,Wolfsburg
2024-03-10,Bundesliga,Matchweek 25,Away,L,0,2,Leverkusen,0.2,2.1,24.0,2.0,1.0,0.0,0,0,Wolfsburg
2024-03-16,Bundesliga,Matchweek 26,Home,L,1,3,Augsburg,1.3,0.7,50.0,15.0,4.0,0.0,0,0,Wolfsburg
2024-03-30,Bundesliga,Matchweek 27,Away,W,2,0,Werder Bremen,2.3,0.5,51.0,16.0,5.0,0.0,0,0,Wolfsburg
2024-04-07,Bundesliga,Matchweek 28,Home,L,1,3,Gladbach,1.2,1.1,61.0,13.0,4.0,1.0,0,0,Wolfsburg
2024-04-13,Bundesliga,Matchweek 29,Away,L,0,3,RB Leipzig,0.4,1.3,50.0,10.0,3.0,0.0,0,0,Wolfsburg
2024-04-20,Bundesliga,Matchweek 30,Home,W,1,0,Bochum,0.8,1.3,46.0,9.0,5.0,0.0,0,0,Wolfsburg
2024-04-27,Bundesliga,Matchweek 31,Away,W,2,1,Freiburg,0.5,2.2,49.0,12.0,4.0,1.0,0,0,Wolfsburg
2024-05-04,Bundesliga,Matchweek 32,Home,W,3,0,Darmstadt 98,2.2,0.4,53.0,21.0,7.0,2.0,0,0,Wolfsburg
2024-05-12,Bundesliga,Matchweek 33,Away,L,0,2,Bayern Munich,0.2,0.3,41.0,5.0,2.0,0.0,0,0,Wolfsburg
2024-05-18,Bundesliga,Matchweek 34,Home,L,1,3,Mainz 05,0.8,1.8,63.0,13.0,3.0,1.0,0,0,Wolfsburg
2023-08-12,DFB-Pokal,Round of 64,Away,W,1,0,Elversberg,,,55.0,27.0,8.0,,1,1,Mainz 05
2023-08-20,Bundesliga,Matchweek 1,Away,L,1,4,Union Berlin,2.3,1.9,53.0,8.0,1.0,0.0,0,2,Mainz 05
2023-08-27,Bundesliga,Matchweek 2,Home,D,1,1,Eint Frankfurt,1.2,1.1,40.0,12.0,6.0,2.0,0,0,Mainz 05
2023-09-02,Bundesliga,Matchweek 3,Away,L,0,4,Werder Bremen,0.5,2.7,55.0,13.0,3.0,1.0,0,0,Mainz 05
2023-09-16,Bundesliga,Matchweek 4,Home,L,1,3,Stuttgart,0.9,1.6,40.0,15.0,3.0,0.0,0,0,Mainz 05
2023-09-23,Bundesliga,Matchweek 5,Away,L,1,2,Augsburg,0.6,0.8,59.0,12.0,2.0,0.0,0,0,Mainz 05
2023-09-30,Bundesliga,Matchweek 6,Home,L,0,3,Leverkusen,0.5,1.1,45.0,10.0,3.0,1.0,0,0,Mainz 05
2023-10-06,Bundesliga,Matchweek 7,Away,D,2,2,Gladbach,0.8,2.3,40.0,14.0,7.0,0.0,0,0,Mainz 05
2023-10-21,Bundesliga,Matchweek 8,Home,L,1,3,Bayern Munich,1.1,1.8,38.0,16.0,3.0,0.0,0,0,Mainz 05
2023-10-27,Bundesliga,Matchweek 9,Away,D,2,2,Bochum,0.4,1.4,50.0,9.0,3.0,0.0,0,0,Mainz 05
2023-11-01,DFB-Pokal,Round of 32,Away,L,0,3,Hertha BSC,,,57.0,9.0,1.0,,0,0,Mainz 05
2023-11-04,Bundesliga,Matchweek 10,Home,W,2,0,RB Leipzig,0.9,0.5,33.0,10.0,3.0,0.0,0,0,Mainz 05
2023-11-11,Bundesliga,Matchweek 11,Away,D,0,0,Darmstadt 98,0.7,0.5,44.0,11.0,1.0,0.0,0,0,Mainz 05
2023-11-26,Bundesliga,Matchweek 12,Away,D,1,1,Hoffenheim,1.8,1.2,47.0,13.0,4.0,2.0,0,1,Mainz 05
2023-12-03,Bundesliga,Matchweek 13,Home,L,0,1,Freiburg,2.3,0.9,61.0,20.0,5.0,0.0,0,0,Mainz 05
2023-12-10,Bundesliga,Matchweek 14,Away,D,0,0,Köln,1.4,0.3,46.0,13.0,5.0,0.0,0,0,Mainz 05
2023-12-16,Bundesliga,Matchweek 15,Home,L,0,1,Heidenheim,1.6,0.5,65.0,19.0,3.0,1.0,0,0,Mainz 05
2023-12-19,Bundesliga,Matchweek 16,Away,D,1,1,Dortmund,0.9,1.2,35.0,11.0,6.0,1.0,0,0,Mainz 05
2024-01-13,Bundesliga,Matchweek 17,Home,D,1,1,Wolfsburg,0.4,0.6,52.0,11.0,2.0,0.0,0,0,Mainz 05
2024-01-26,Bundesliga,Matchweek 19,Away,L,0,1,Eint Frankfurt,0.8,1.3,45.0,7.0,0.0,0.0,0,0,Mainz 05
2024-02-03,Bundesliga,Matchweek 20,Home,L,0,1,Werder Bremen,0.8,0.6,59.0,23.0,5.0,1.0,0,0,Mainz 05
2024-02-07,Bundesliga,Matchweek 18,Home,D,1,1,Union Berlin,1.3,1.0,46.0,16.0,6.0,2.0,0,0,Mainz 05
2024-02-11,Bundesliga,Matchweek 21,Away,L,1,3,Stuttgart,1.4,1.9,39.0,17.0,6.0,0.0,0,0,Mainz 05
2024-02-17,Bundesliga,Matchweek 22,Home,W,1,0,Augsburg,2.1,1.0,46.0,17.0,4.0,0.0,0,1,Mainz 05
2024-02-23,Bundesliga,Matchweek 23,Away,L,1,2,Leverkusen,1.1,1.1,33.0,13.0,4.0,0.0,0,0,Mainz 05
2024-03-02,Bundesliga,Matchweek 24,Home,D,1,1,Gladbach,1.0,1.0,43.0,19.0,3.0,2.0,0,0,Mainz 05
2024-03-09,Bundesliga,Matchweek 25,Away,L,1,8,Bayern Munich,0.8,6.2,41.0,14.0,2.0,1.0,0,0,Mainz 05
2024-03-16,Bundesliga,Matchweek 26,Home,W,2,0,Bochum,2.5,0.7,50.0,14.0,3.0,0.0,1,1,Mainz 05
2024-03-30,Bundesliga,Matchweek 27,Away,D,0,0,RB Leipzig,0.9,2.5,34.0,8.0,2.0,0.0,0,0,Mainz 05
2024-04-06,Bundesliga,Matchweek 28,Home,W,4,0,Darmstadt 98,3.6,0.5,59.0,18.0,9.0,3.0,0,0,Mainz 05
2024-04-13,Bundesliga,Matchweek 29,Home,W,4,1,Hoffenheim,2.1,0.5,47.0,25.0,8.0,0.0,0,0,Mainz 05
2024-04-21,Bundesliga,Matchweek 30,Away,D,1,1,Freiburg,1.0,1.1,60.0,16.0,3.0,1.0,0,0,Mainz 05
2024-04-28,Bundesliga,Matchweek 31,Home,D,1,1,Köln,1.6,2.5,39.0,16.0,4.0,0.0,0,0,Mainz 05
2024-05-05,Bundesliga,Matchweek 32,Away,D,1,1,Heidenheim,1.4,0.9,54.0,10.0,3.0,0.0,0,0,Mainz 05
2024-05-11,Bundesliga,Matchweek 33,Home,W,3,0,Dortmund,2.1,0.4,32.0,14.0,6.0,2.0,0,0,Mainz 05
2024-05-18,Bundesliga,Matchweek 34,Away,W,3,1,Wolfsburg,1.8,0.8,37.0,12.0,6.0,0.0,0,0,Mainz 05
2023-08-11,DFB-Pokal,Round of 64,Away,W,7,0,TuS Bersenbrück,,,59.0,23.0,10.0,,0,0,Monchengladbach
2023-08-19,Bundesliga,Matchweek 1,Away,D,4,4,Augsburg,1.7,2.3,44.0,9.0,4.0,0.0,1,1,Monchengladbach
2023-08-26,Bundesliga,Matchweek 2,Home,L,0,3,Leverkusen,0.9,2.7,40.0,12.0,2.0,0.0,0,0,Monchengladbach
2023-09-02,Bundesliga,Matchweek 3,Home,L,1,2,Bayern Munich,0.3,2.4,35.0,7.0,3.0,1.0,0,0,Monchengladbach
2023-09-17,Bundesliga,Matchweek 4,Away,D,3,3,Darmstadt 98,3.9,1.2,63.0,21.0,9.0,0.0,0,1,Monchengladbach
2023-09-23,Bundesliga,Matchweek 5,Home,L,0,1,RB Leipzig,0.8,0.7,45.0,14.0,1.0,1.0,0,0,Monchengladbach
2023-09-30,Bundesliga,Matchweek 6,Away,W,3,1,Bochum,2.9,1.7,42.0,27.0,8.0,0.0,0,0,Monchengladbach
2023-10-06,Bundesliga,Matchweek 7,Home,D,2,2,Mainz 05,2.3,0.8,60.0,21.0,9.0,1.0,0,0,Monchengladbach
2023-10-22,Bundesliga,Matchweek 8,Away,L,1,3,Köln,0.3,2.7,40.0,5.0,2.0,1.0,0,0,Monchengladbach
2023-10-28,Bundesliga,Matchweek 9,Home,W,2,1,Heidenheim,1.0,0.4,53.0,13.0,5.0,0.0,0,0,Monchengladbach
2023-10-31,DFB-Pokal,Round of 32,Home,W,3,1,Heidenheim,,,48.0,14.0,4.0,,0,0,Monchengladbach
2023-11-04,Bundesliga,Matchweek 10,Away,D,3,3,Freiburg,2.2,3.3,41.0,9.0,4.0,0.0,1,1,Monchengladbach
2023-11-10,Bundesliga,Matchweek 11,Home,W,4,0,Wolfsburg,1.5,0.5,47.0,15.0,8.0,0.0,0,0,Monchengladbach
2023-11-25,Bundesliga,Matchweek 12,Away,L,2,4,Dortmund,1.0,3.2,49.0,10.0,3.0,0.0,0,0,Monchengladbach
2023-12-02,Bundesliga,Matchweek 13,Home,W,2,1,Hoffenheim,1.6,1.4,49.0,8.0,2.0,0.0,1,1,Monchengladbach
2023-12-05,DFB-Pokal,Round of 16,Home,W,1,0,Wolfsburg,,,50.0,11.0,3.0,,0,0,Monchengladbach
2023-12-09,Bundesliga,Matchweek 14,Away,L,1,3,Union Berlin,1.1,2.1,62.0,11.0,3.0,0.0,0,0,Monchengladbach
2023-12-15,Bundesliga,Matchweek 15,Home,D,2,2,Werder Bremen,1.4,1.6,50.0,14.0,4.0,0.0,0,0,Monchengladbach
2023-12-20,Bundesliga,Matchweek 16,Away,L,1,2,Eint Frankfurt,0.3,1.4,37.0,7.0,2.0,0.0,0,0,Monchengladbach
2024-01-14,Bundesliga,Matchweek 17,Home,W,3,1,Stuttgart,1.9,0.9,29.0,8.0,4.0,0.0,0,0,Monchengladbach
2024-01-21,Bundesliga,Matchweek 18,Home,L,1,2,Augsburg,1.7,1.3,55.0,18.0,4.0,0.0,0,0,Monchengladbach
2024-01-27,Bundesliga,Matchweek 19,Away,D,0,0,Leverkusen,0.3,2.9,25.0,4.0,3.0,0.0,0,0,Monchengladbach
2024-02-03,Bundesliga,Matchweek 20,Away,L,1,3,Bayern Munich,1.0,2.1,45.0,11.0,2.0,0.0,0,0,Monchengladbach
2024-02-10,Bundesliga,Matchweek 21,Home,D,0,0,Darmstadt 98,1.5,0.7,58.0,24.0,8.0,0.0,0,0,Monchengladbach
2024-02-17,Bundesliga,Matchweek 22,Away,L,0,2,RB Leipzig,0.7,1.7,51.0,15.0,0.0,0.0,0,0,Monchengladbach
2024-02-24,Bundesliga,Matchweek 23,Home,W,5,2,Bochum,3.5,1.6,48.0,21.0,5.0,0.0,1,1,Monchengladbach
2024-03-02,Bundesliga,Matchweek 24,Away,D,1,1,Mainz 05,1.0,1.0,57.0,14.0,5.0,0.0,0,0,Monchengladbach
2024-03-09,Bundesliga,Matchweek 25,Home,D,3,3,Köln,1.8,0.6,58.0,17.0,5.0,0.0,0,0,Monchengladbach
2024-03-12,DFB-Pokal,Quarter-finals,Away,L,1,2,Saarbrücken,,,73.0,21.0,5.0,,0,0,Monchengladbach
2024-03-16,Bundesliga,Matchweek 26,Away,D,1,1,Heidenheim,0.5,1.1,47.0,7.0,2.0,0.0,0,0,Monchengladbach
2024-03-30,Bundesliga,Matchweek 27,Home,L,0,3,Freiburg,1.5,1.7,54.0,19.0,3.0,0.0,0,0,Monchengladbach
2024-04-07,Bundesliga,Matchweek 28,Away,W,3,1,Wolfsburg,1.1,1.2,39.0,10.0,6.0,0.0,0,0,Monchengladbach
2024-04-13,Bundesliga,Matchweek 29,Home,L,1,2,Dortmund,1.1,1.3,46.0,18.0,4.0,0.0,0,0,Monchengladbach
2024-04-20,Bundesliga,Matchweek 30,Away,L,3,4,Hoffenheim,1.0,2.3,41.0,13.0,7.0,0.0,0,0,Monchengladbach
2024-04-28,Bundesliga,Matchweek 31,Home,D,0,0,Union Berlin,0.9,1.0,52.0,13.0,4.0,0.0,0,0,Monchengladbach
2024-05-04,Bundesliga,Matchweek 32,Away,D,2,2,Werder Bremen,1.9,1.4,44.0,16.0,5.0,0.0,1,1,Monchengladbach
2024-05-11,Bundesliga,Matchweek 33,Home,D,1,1,Eint Frankfurt,0.4,1.5,44.0,6.0,3.0,0.0,0,0,Monchengladbach
2024-05-18,Bundesliga,Matchweek 34,Away,L,0,4,Stuttgart,1.3,1.6,40.0,14.0,5.0,0.0,0,0,Monchengladbach
2023-08-13,DFB-Pokal,Round of 64,Away,W,4,0,Astoria Walldorf,,,49.0,18.0,8.0,,1,1,Union Berlin
2023-08-20,Bundesliga,Matchweek 1,Home,W,4,1,Mainz 05,1.9,2.3,47.0,11.0,6.0,2.0,0,0,Union Berlin
2023-08-26,Bundesliga,Matchweek 2,Away,W,4,1,Darmstadt 98,1.7,2.3,27.0,13.0,6.0,0.0,0,0,Union Berlin
2023-09-03,Bundesliga,Matchweek 3,Home,L,0,3,RB Leipzig,0.3,1.2,36.0,3.0,1.0,1.0,0,0,Union Berlin
2023-09-16,Bundesliga,Matchweek 4,Away,L,1,2,Wolfsburg,1.1,0.4,56.0,19.0,6.0,0.0,0,0,Union Berlin
2023-09-20,Champions Lg,Group stage,Away,L,0,1,es Real Madrid,0.2,3.7,25.0,4.0,0.0,0.0,0,0,Union Berlin
2023-09-23,Bundesliga,Matchweek 5,Home,L,0,2,Hoffenheim,1.6,2.0,57.0,22.0,5.0,0.0,0,0,Union Berlin
2023-09-30,Bundesliga,Matchweek 6,Away,L,0,1,Heidenheim,2.2,0.8,50.0,20.0,8.0,2.0,0,0,Union Berlin
2023-10-03,Champions Lg,Group stage,Home,L,2,3,pt Braga,2.0,1.2,37.0,13.0,5.0,1.0,0,0,Union Berlin
2023-10-07,Bundesliga,Matchweek 7,Away,L,2,4,Dortmund,1.4,1.6,34.0,12.0,4.0,0.0,1,1,Union Berlin
2023-10-21,Bundesliga,Matchweek 8,Home,L,0,3,Stuttgart,0.6,1.4,43.0,9.0,1.0,0.0,0,0,Union Berlin
2023-10-24,Champions Lg,Group stage,Home,L,0,1,it Napoli,0.4,0.2,41.0,11.0,2.0,0.0,0,0,Union Berlin
2023-10-28,Bundesliga,Matchweek 9,Away,L,0,2,Werder Bremen,0.6,0.8,44.0,7.0,2.0,0.0,0,0,Union Berlin
2023-10-31,DFB-Pokal,Round of 32,Away,L,0,1,Stuttgart,,,38.0,7.0,0.0,,0,0,Union Berlin
2023-11-04,Bundesliga,Matchweek 10,Home,L,0,3,Eint Frankfurt,0.7,1.6,50.0,11.0,3.0,0.0,0,0,Union Berlin
2023-11-08,Champions Lg,Group stage,Away,D,1,1,it Napoli,1.1,1.7,27.0,15.0,6.0,1.0,0,0,Union Berlin
2023-11-12,Bundesliga,Matchweek 11,Away,L,0,4,Leverkusen,0.0,2.4,31.0,2.0,2.0,0.0,0,0,Union Berlin
2023-11-25,Bundesliga,Matchweek 12,Home,D,1,1,Augsburg,2.1,1.7,61.0,14.0,5.0,0.0,0,1,Union Berlin
2023-11-29,Champions Lg,Group stage,Away,D,1,1,pt Braga,0.8,1.8,47.0,6.0,2.0,0.0,0,0,Union Berlin
2023-12-09,Bundesliga,Matchweek 14,Home,W,3,1,Gladbach,2.1,1.1,38.0,15.0,5.0,1.0,1,1,Union Berlin
2023-12-12,Champions Lg,Group stage,Home,L,2,3,es Real Madrid,1.1,2.9,26.0,8.0,5.0,0.0,0,0,Union Berlin
2023-12-16,Bundesliga,Matchweek 15,Away,L,0,3,Bochum,0.7,2.8,51.0,9.0,1.0,0.0,0,0,Union Berlin
2023-12-20,Bundesliga,Matchweek 16,Home,W,2,0,Köln,1.5,0.8,40.0,11.0,6.0,0.0,0,0,Union Berlin
2024-01-13,Bundesliga,Matchweek 17,Away,D,0,0,Freiburg,0.5,1.8,43.0,9.0,4.0,0.0,0,0,Union Berlin
2024-01-24,Bundesliga,Matchweek 13,Away,L,0,1,Bayern Munich,0.2,2.1,28.0,4.0,1.0,0.0,0,0,Union Berlin
2024-01-28,Bundesliga,Matchweek 19,Home,W,1,0,Darmstadt 98,2.5,1.1,50.0,21.0,6.0,0.0,0,0,Union Berlin
2024-02-04,Bundesliga,Matchweek 20,Away,L,0,2,RB Leipzig,0.5,1.1,34.0,10.0,2.0,0.0,0,0,Union Berlin
2024-02-07,Bundesliga,Matchweek 18,Away,D,1,1,Mainz 05,1.0,1.3,54.0,16.0,4.0,0.0,0,0,Union Berlin
2024-02-10,Bundesliga,Matchweek 21,Home,W,1,0,Wolfsburg,0.5,1.3,42.0,8.0,1.0,0.0,0,0,Union Berlin
2024-02-17,Bundesliga,Matchweek 22,Away,W,1,0,Hoffenheim,1.4,1.0,34.0,10.0,3.0,1.0,0,0,Union Berlin
2024-02-24,Bundesliga,Matchweek 23,Home,D,2,2,Heidenheim,1.1,1.1,58.0,12.0,3.0,0.0,0,0,Union Berlin
2024-03-02,Bundesliga,Matchweek 24,Home,L,0,2,Dortmund,1.2,1.6,39.0,14.0,3.0,0.0,0,0,Union Berlin
2024-03-08,Bundesliga,Matchweek 25,Away,L,0,2,Stuttgart,0.9,1.0,30.0,9.0,4.0,0.0,0,0,Union Berlin
2024-03-16,Bundesliga,Matchweek 26,Home,W,2,1,Werder Bremen,1.1,1.1,50.0,11.0,6.0,0.0,0,0,Union Berlin
2024-03-30,Bundesliga,Matchweek 27,Away,D,0,0,Eint Frankfurt,1.5,1.0,35.0,11.0,2.0,0.0,0,0,Union Berlin
2024-04-06,Bundesliga,Matchweek 28,Home,L,0,1,Leverkusen,0.3,2.8,35.0,9.0,0.0,0.0,0,0,Union Berlin
2024-04-12,Bundesliga,Matchweek 29,Away,L,0,2,Augsburg,1.6,1.6,53.0,17.0,3.0,0.0,0,0,Union Berlin
2024-04-20,Bundesliga,Matchweek 30,Home,L,1,5,Bayern Munich,1.4,1.4,37.0,15.0,4.0,0.0,0,0,Union Berlin
2024-04-28,Bundesliga,Matchweek 31,Away,D,0,0,Gladbach,1.0,0.9,48.0,14.0,7.0,0.0,0,0,Union Berlin
2024-05-05,Bundesliga,Matchweek 32,Home,L,3,4,Bochum,0.9,1.4,48.0,12.0,5.0,0.0,0,0,Union Berlin
2024-05-11,Bundesliga,Matchweek 33,Away,L,2,3,Köln,1.6,3.1,38.0,12.0,5.0,0.0,1,1,Union Berlin
2024-05-18,Bundesliga,Matchweek 34,Home,W,2,1,Freiburg,2.3,1.0,38.0,11.0,3.0,0.0,0,2,Union Berlin
2023-08-12,DFB-Pokal,Round of 64,Away,D,2 (1),2 (4),Arminia,,,58.0,22.0,7.0,,0,0,Bochum
2023-08-19,Bundesliga,Matchweek 1,Away,L,0,5,Stuttgart,0.8,3.0,40.0,4.0,1.0,0.0,0,0,Bochum
2023-08-26,Bundesliga,Matchweek 2,Home,D,1,1,Dortmund,1.0,1.3,36.0,20.0,7.0,0.0,0,0,Bochum
2023-09-02,Bundesliga,Matchweek 3,Away,D,2,2,Augsburg,1.6,1.9,62.0,21.0,8.0,2.0,0,0,Bochum
2023-09-16,Bundesliga,Matchweek 4,Home,D,1,1,Eint Frankfurt,2.0,0.6,49.0,21.0,6.0,1.0,1,1,Bochum
2023-09-23,Bundesliga,Matchweek 5,Away,L,0,7,Bayern Munich,0.1,4.8,38.0,4.0,1.0,0.0,0,0,Bochum
2023-09-30,Bundesliga,Matchweek 6,Home,L,1,3,Gladbach,1.7,2.9,58.0,24.0,4.0,0.0,0,0,Bochum
2023-10-07,Bundesliga,Matchweek 7,Away,D,0,0,RB Leipzig,0.4,2.5,25.0,9.0,2.0,1.0,0,0,Bochum
2023-10-21,Bundesliga,Matchweek 8,Away,L,1,2,Freiburg,1.5,2.3,42.0,13.0,3.0,0.0,0,0,Bochum
2023-10-27,Bundesliga,Matchweek 9,Home,D,2,2,Mainz 05,1.4,0.4,50.0,11.0,3.0,0.0,1,1,Bochum
2023-11-03,Bundesliga,Matchweek 10,Away,W,2,1,Darmstadt 98,1.2,0.7,42.0,9.0,4.0,1.0,0,0,Bochum
2023-11-11,Bundesliga,Matchweek 11,Home,D,1,1,Köln,3.7,0.9,52.0,25.0,9.0,1.0,0,0,Bochum
2023-11-26,Bundesliga,Matchweek 12,Away,D,0,0,Heidenheim,0.4,0.8,51.0,10.0,2.0,0.0,0,0,Bochum
2023-12-02,Bundesliga,Matchweek 13,Home,W,3,1,Wolfsburg,1.5,1.3,44.0,20.0,8.0,0.0,0,0,Bochum
2023-12-08,Bundesliga,Matchweek 14,Away,L,1,3,Hoffenheim,1.5,1.5,58.0,22.0,5.0,0.0,0,0,Bochum
2023-12-16,Bundesliga,Matchweek 15,Home,W,3,0,Union Berlin,2.8,0.7,49.0,21.0,6.0,1.0,1,1,Bochum
2023-12-20,Bundesliga,Matchweek 16,Away,L,0,4,Leverkusen,0.4,3.3,31.0,6.0,1.0,0.0,0,0,Bochum
2024-01-14,Bundesliga,Matchweek 17,Home,D,1,1,Werder Bremen,0.7,0.8,49.0,14.0,4.0,0.0,0,0,Bochum
2024-01-20,Bundesliga,Matchweek 18,Home,W,1,0,Stuttgart,0.9,1.4,38.0,6.0,1.0,0.0,0,0,Bochum
2024-01-28,Bundesliga,Matchweek 19,Away,L,1,3,Dortmund,0.5,2.9,37.0,11.0,4.0,1.0,0,0,Bochum
2024-02-03,Bundesliga,Matchweek 20,Home,D,1,1,Augsburg,0.9,1.6,49.0,10.0,4.0,0.0,0,0,Bochum
2024-02-10,Bundesliga,Matchweek 21,Away,D,1,1,Eint Frankfurt,1.5,2.4,47.0,14.0,5.0,0.0,0,0,Bochum
2024-02-18,Bundesliga,Matchweek 22,Home,W,3,2,Bayern Munich,1.7,3.3,32.0,12.0,3.0,0.0,1,1,Bochum
2024-02-24,Bundesliga,Matchweek 23,Away,L,2,5,Gladbach,1.6,3.5,52.0,16.0,4.0,1.0,0,0,Bochum
2024-03-02,Bundesliga,Matchweek 24,Home,L,1,4,RB Leipzig,0.8,2.1,44.0,14.0,3.0,1.0,0,0,Bochum
2024-03-10,Bundesliga,Matchweek 25,Home,L,1,2,Freiburg,1.2,1.4,60.0,24.0,7.0,0.0,0,0,Bochum
2024-03-16,Bundesliga,Matchweek 26,Away,L,0,2,Mainz 05,0.7,2.5,50.0,11.0,1.0,0.0,0,0,Bochum
2024-03-31,Bundesliga,Matchweek 27,Home,D,2,2,Darmstadt 98,1.8,0.9,57.0,21.0,7.0,0.0,0,0,Bochum
2024-04-06,Bundesliga,Matchweek 28,Away,L,1,2,Köln,0.6,1.0,44.0,11.0,2.0,0.0,0,0,Bochum
2024-04-13,Bundesliga,Matchweek 29,Home,D,1,1,Heidenheim,1.2,1.1,61.0,23.0,5.0,3.0,0,0,Bochum
2024-04-20,Bundesliga,Matchweek 30,Away,L,0,1,Wolfsburg,1.3,0.8,54.0,13.0,1.0,1.0,0,0,Bochum
2024-04-26,Bundesliga,Matchweek 31,Home,W,3,2,Hoffenheim,3.2,1.0,46.0,36.0,12.0,3.0,0,0,Bochum
2024-05-05,Bundesliga,Matchweek 32,Away,W,4,3,Union Berlin,1.4,0.9,52.0,18.0,5.0,0.0,0,0,Bochum
2024-05-12,Bundesliga,Matchweek 33,Home,L,0,5,Leverkusen,0.3,4.2,33.0,3.0,0.0,0.0,0,0,Bochum
2024-05-18,Bundesliga,Matchweek 34,Away,L,1,4,Werder Bremen,2.1,3.0,54.0,27.0,7.0,1.0,0,0,Bochum
2023-08-14,DFB-Pokal,Round of 64,Away,W,3,1,Osnabrück,,,46.0,14.0,6.0,,0,0,Koln
2023-08-19,Bundesliga,Matchweek 1,Away,L,0,1,Dortmund,1.2,1.8,34.0,11.0,4.0,0.0,0,0,Koln
2023-08-26,Bundesliga,Matchweek 2,Home,L,1,2,Wolfsburg,0.9,1.7,50.0,13.0,2.0,0.0,0,0,Koln
2023-09-03,Bundesliga,Matchweek 3,Away,D,1,1,Eint Frankfurt,0.9,1.1,35.0,6.0,1.0,0.0,1,1,Koln
2023-09-16,Bundesliga,Matchweek 4,Home,L,1,3,Hoffenheim,1.0,1.0,56.0,18.0,6.0,0.0,0,0,Koln
2023-09-23,Bundesliga,Matchweek 5,Away,L,1,2,Werder Bremen,1.3,2.1,53.0,14.0,4.0,1.0,0,0,Koln
2023-09-30,Bundesliga,Matchweek 6,Home,L,0,2,Stuttgart,0.7,2.5,40.0,14.0,5.0,0.0,0,0,Koln
2023-10-08,Bundesliga,Matchweek 7,Away,L,0,3,Leverkusen,1.3,3.2,36.0,7.0,3.0,0.0,0,0,Koln
2023-10-22,Bundesliga,Matchweek 8,Home,W,3,1,Gladbach,2.7,0.3,60.0,21.0,6.0,1.0,2,2,Koln
2023-10-28,Bundesliga,Matchweek 9,Away,L,0,6,RB Leipzig,0.9,4.2,38.0,6.0,1.0,1.0,0,0,Koln
2023-10-31,DFB-Pokal,Round of 32,Away,L,2,3,Kaiserslautern,,,73.0,13.0,3.0,,0,0,Koln
2023-11-04,Bundesliga,Matchweek 10,Home,D,1,1,Augsburg,2.0,2.6,59.0,26.0,11.0,1.0,0,0,Koln
2023-11-11,Bundesliga,Matchweek 11,Away,D,1,1,Bochum,0.9,3.7,48.0,11.0,6.0,0.0,0,0,Koln
2023-11-24,Bundesliga,Matchweek 12,Home,L,0,1,Bayern Munich,0.2,3.5,32.0,6.0,1.0,0.0,0,0,Koln
2023-12-01,Bundesliga,Matchweek 13,Away,W,1,0,Darmstadt 98,1.5,0.7,55.0,12.0,6.0,1.0,0,0,Koln
2023-12-10,Bundesliga,Matchweek 14,Home,D,0,0,Mainz 05,0.3,1.4,54.0,5.0,3.0,0.0,0,0,Koln
2023-12-17,Bundesliga,Matchweek 15,Away,L,0,2,Freiburg,1.2,3.0,48.0,7.0,1.0,1.0,0,0,Koln
2023-12-20,Bundesliga,Matchweek 16,Away,L,0,2,Union Berlin,0.8,1.5,60.0,16.0,7.0,1.0,0,0,Koln
2024-01-13,Bundesliga,Matchweek 17,Home,D,1,1,Heidenheim,0.9,0.9,51.0,14.0,5.0,1.0,0,0,Koln
2024-01-20,Bundesliga,Matchweek 18,Home,L,0,4,Dortmund,1.3,3.4,39.0,19.0,5.0,0.0,0,0,Koln
2024-01-27,Bundesliga,Matchweek 19,Away,D,1,1,Wolfsburg,0.6,1.5,48.0,6.0,2.0,0.0,0,0,Koln
2024-02-03,Bundesliga,Matchweek 20,Home,W,2,0,Eint Frankfurt,1.3,0.8,41.0,15.0,4.0,1.0,0,0,Koln
2024-02-11,Bundesliga,Matchweek 21,Away,D,1,1,Hoffenheim,0.1,1.2,43.0,6.0,1.0,1.0,0,0,Koln
2024-02-16,Bundesliga,Matchweek 22,Home,L,0,1,Werder Bremen,0.8,1.8,57.0,13.0,2.0,1.0,0,0,Koln
2024-02-24,Bundesliga,Matchweek 23,Away,D,1,1,Stuttgart,0.7,2.2,26.0,12.0,6.0,0.0,0,0,Koln
2024-03-03,Bundesliga,Matchweek 24,Home,L,0,2,Leverkusen,1.0,1.5,23.0,6.0,0.0,0.0,0,0,Koln
2024-03-09,Bundesliga,Matchweek 25,Away,D,3,3,Gladbach,0.6,1.8,42.0,12.0,5.0,1.0,0,0,Koln
2024-03-15,Bundesliga,Matchweek 26,Home,L,1,5,RB Leipzig,1.2,3.3,34.0,10.0,2.0,0.0,0,0,Koln
2024-03-31,Bundesliga,Matchweek 27,Away,D,1,1,Augsburg,1.3,2.2,43.0,12.0,2.0,0.0,0,0,Koln
2024-04-06,Bundesliga,Matchweek 28,Home,W,2,1,Bochum,1.0,0.6,56.0,20.0,7.0,0.0,0,0,Koln
2024-04-13,Bundesliga,Matchweek 29,Away,L,0,2,Bayern Munich,0.9,2.2,31.0,11.0,5.0,0.0,0,0,Koln
2024-04-20,Bundesliga,Matchweek 30,Home,L,0,2,Darmstadt 98,1.0,1.8,58.0,19.0,4.0,0.0,0,0,Koln
2024-04-28,Bundesliga,Matchweek 31,Away,D,1,1,Mainz 05,2.5,1.6,61.0,15.0,5.0,0.0,1,2,Koln
2024-05-04,Bundesliga,Matchweek 32,Home,D,0,0,Freiburg,0.9,0.8,56.0,19.0,7.0,0.0,0,0,Koln
2024-05-11,Bundesliga,Matchweek 33,Home,W,3,2,Union Berlin,3.1,1.6,62.0,17.0,4.0,0.0,1,1,Koln
2024-05-18,Bundesliga,Matchweek 34,Away,L,1,4,Heidenheim,2.3,1.0,51.0,22.0,9.0,0.0,0,0,Koln
2023-08-14,DFB-Pokal,Round of 64,Away,L,0,3,Homburg,,,82.0,27.0,9.0,,0,1,Darmstadt 98
2023-08-20,Bundesliga,Matchweek 1,Away,L,0,1,Eint Frankfurt,0.5,1.5,39.0,10.0,2.0,0.0,0,0,Darmstadt 98
2023-08-26,Bundesliga,Matchweek 2,Home,L,1,4,Union Berlin,2.3,1.7,73.0,21.0,6.0,0.0,0,0,Darmstadt 98
2023-09-02,Bundesliga,Matchweek 3,Away,L,1,5,Leverkusen,0.4,2.8,28.0,5.0,1.0,0.0,0,0,Darmstadt 98
2023-09-17,Bundesliga,Matchweek 4,Home,D,3,3,Gladbach,1.2,3.9,37.0,15.0,8.0,2.0,0,0,Darmstadt 98
2023-09-22,Bundesliga,Matchweek 5,Away,L,1,3,Stuttgart,0.2,2.3,42.0,4.0,0.0,0.0,0,0,Darmstadt 98
2023-10-01,Bundesliga,Matchweek 6,Home,W,4,2,Werder Bremen,2.4,1.5,43.0,13.0,4.0,0.0,1,1,Darmstadt 98
2023-10-07,Bundesliga,Matchweek 7,Away,W,2,1,Augsburg,1.8,0.9,52.0,16.0,4.0,0.0,1,1,Darmstadt 98
2023-10-21,Bundesliga,Matchweek 8,Home,L,1,3,RB Leipzig,2.4,1.9,57.0,17.0,3.0,0.0,1,1,Darmstadt 98
2023-10-28,Bundesliga,Matchweek 9,Away,L,0,8,Bayern Munich,0.7,5.8,46.0,9.0,4.0,1.0,0,0,Darmstadt 98
2023-11-03,Bundesliga,Matchweek 10,Home,L,1,2,Bochum,0.7,1.2,58.0,15.0,4.0,1.0,0,0,Darmstadt 98
2023-11-11,Bundesliga,Matchweek 11,Home,D,0,0,Mainz 05,0.5,0.7,56.0,10.0,3.0,0.0,0,0,Darmstadt 98
2023-11-25,Bundesliga,Matchweek 12,Away,D,1,1,Freiburg,0.4,1.6,34.0,7.0,1.0,0.0,0,0,Darmstadt 98
2023-12-01,Bundesliga,Matchweek 13,Home,L,0,1,Köln,0.7,1.5,45.0,11.0,2.0,2.0,0,0,Darmstadt 98
2023-12-09,Bundesliga,Matchweek 14,Away,L,2,3,Heidenheim,0.9,1.4,56.0,20.0,7.0,0.0,0,0,Darmstadt 98
2023-12-16,Bundesliga,Matchweek 15,Home,L,0,1,Wolfsburg,0.6,0.6,63.0,13.0,4.0,1.0,0,0,Darmstadt 98
2023-12-19,Bundesliga,Matchweek 16,Away,D,3,3,Hoffenheim,0.8,3.5,55.0,15.0,3.0,0.0,0,0,Darmstadt 98
2024-01-13,Bundesliga,Matchweek 17,Home,L,0,3,Dortmund,1.0,3.1,48.0,11.0,2.0,1.0,0,0,Darmstadt 98
2024-01-20,Bundesliga,Matchweek 18,Home,D,2,2,Eint Frankfurt,1.1,1.2,50.0,12.0,3.0,0.0,0,0,Darmstadt 98
2024-01-28,Bundesliga,Matchweek 19,Away,L,0,1,Union Berlin,1.1,2.5,50.0,16.0,1.0,0.0,0,0,Darmstadt 98
2024-02-03,Bundesliga,Matchweek 20,Home,L,0,2,Leverkusen,0.6,1.9,33.0,8.0,6.0,0.0,0,0,Darmstadt 98
2024-02-10,Bundesliga,Matchweek 21,Away,D,0,0,Gladbach,0.7,1.5,42.0,10.0,1.0,0.0,0,0,Darmstadt 98
2024-02-17,Bundesliga,Matchweek 22,Home,L,1,2,Stuttgart,1.7,1.6,57.0,20.0,7.0,1.0,0,0,Darmstadt 98
2024-02-24,Bundesliga,Matchweek 23,Away,D,1,1,Werder Bremen,1.0,1.8,45.0,12.0,3.0,0.0,0,0,Darmstadt 98
2024-03-02,Bundesliga,Matchweek 24,Home,L,0,6,Augsburg,0.8,2.9,46.0,10.0,5.0,1.0,0,0,Darmstadt 98
2024-03-09,Bundesliga,Matchweek 25,Away,L,0,2,RB Leipzig,0.5,3.2,36.0,9.0,4.0,0.0,0,0,Darmstadt 98
2024-03-16,Bundesliga,Matchweek 26,Home,L,2,5,Bayern Munich,1.2,3.6,24.0,7.0,3.0,0.0,0,0,Darmstadt 98
2024-03-31,Bundesliga,Matchweek 27,Away,D,2,2,Bochum,0.9,1.8,43.0,12.0,3.0,0.0,0,0,Darmstadt 98
2024-04-06,Bundesliga,Matchweek 28,Away,L,0,4,Mainz 05,0.5,3.6,41.0,14.0,2.0,0.0,0,0,Darmstadt 98
2024-04-14,Bundesliga,Matchweek 29,Home,L,0,1,Freiburg,1.1,0.9,53.0,17.0,4.0,0.0,0,0,Darmstadt 98
2024-04-20,Bundesliga,Matchweek 30,Away,W,2,0,Köln,1.8,1.0,42.0,12.0,6.0,0.0,0,0,Darmstadt 98
2024-04-28,Bundesliga,Matchweek 31,Home,L,0,1,Heidenheim,0.7,1.6,45.0,11.0,3.0,1.0,0,0,Darmstadt 98
2024-05-04,Bundesliga,Matchweek 32,Away,L,0,3,Wolfsburg,0.4,2.2,47.0,6.0,1.0,1.0,0,0,Darmstadt 98
2024-05-12,Bundesliga,Matchweek 33,Home,L,0,6,Hoffenheim,0.6,3.3,41.0,10.0,0.0,0.0,0,0,Darmstadt 98
2024-05-18,Bundesliga,Matchweek 34,Away,L,0,4,Dortmund,0.3,2.6,28.0,6.0,0.0,0.0,0,0,Darmstadt 98
